Area Code (FAO);Area;Element Code;Element;Item Code (FAO);Item;Year Code;Year;Unit;Value;Flag Description
101;Indonesia;5312;Area harvested;486;Bananas;1961;1961;ha;126000;FAO estimate
101;Indonesia;5312;Area harvested;486;Bananas;1962;1962;ha;130000;FAO estimate
101;Indonesia;5312;Area harvested;486;Bananas;1963;1963;ha;135000;FAO estimate
101;Indonesia;5312;Area harvested;486;Bananas;1964;1964;ha;140000;FAO estimate
101;Indonesia;5312;Area harvested;486;Bananas;1965;1965;ha;145000;FAO estimate
101;Indonesia;5312;Area harvested;486;Bananas;1966;1966;ha;160000;FAO estimate
101;Indonesia;5312;Area harvested;486;Bananas;1967;1967;ha;160000;FAO estimate
101;Indonesia;5312;Area harvested;486;Bananas;1968;1968;ha;170000;FAO estimate
101;Indonesia;5312;Area harvested;486;Bananas;1969;1969;ha;200000;FAO estimate
101;Indonesia;5312;Area harvested;486;Bananas;1970;1970;ha;201000;Official data
101;Indonesia;5312;Area harvested;486;Bananas;1971;1971;ha;214000;Official data
101;Indonesia;5312;Area harvested;486;Bananas;1972;1972;ha;321000;Official data
101;Indonesia;5312;Area harvested;486;Bananas;1973;1973;ha;366000;Official data
101;Indonesia;5312;Area harvested;486;Bananas;1974;1974;ha;316500;Official data
101;Indonesia;5312;Area harvested;486;Bananas;1975;1975;ha;319100;Official data
101;Indonesia;5312;Area harvested;486;Bananas;1976;1976;ha;175847;Official data
101;Indonesia;5312;Area harvested;486;Bananas;1977;1977;ha;156303;Official data
101;Indonesia;5312;Area harvested;486;Bananas;1978;1978;ha;188000;Official data
101;Indonesia;5312;Area harvested;486;Bananas;1979;1979;ha;193457;Official data
101;Indonesia;5312;Area harvested;486;Bananas;1980;1980;ha;157815;Official data
101;Indonesia;5312;Area harvested;486;Bananas;1981;1981;ha;176024;Official data
101;Indonesia;5312;Area harvested;486;Bananas;1982;1982;ha;191024;Official data
101;Indonesia;5312;Area harvested;486;Bananas;1983;1983;ha;170610;Official data
101;Indonesia;5312;Area harvested;486;Bananas;1984;1984;ha;187627;Official data
101;Indonesia;5312;Area harvested;486;Bananas;1985;1985;ha;159598;Official data
101;Indonesia;5312;Area harvested;486;Bananas;1986;1986;ha;149000;Official data
101;Indonesia;5312;Area harvested;486;Bananas;1987;1987;ha;157000;Official data
101;Indonesia;5312;Area harvested;486;Bananas;1988;1988;ha;169653;Official data
101;Indonesia;5312;Area harvested;486;Bananas;1989;1989;ha;127843;Official data
101;Indonesia;5312;Area harvested;486;Bananas;1990;1990;ha;132454;Official data
101;Indonesia;5312;Area harvested;486;Bananas;1991;1991;ha;135070;Official data
101;Indonesia;5312;Area harvested;486;Bananas;1992;1992;ha;76535;FAO estimate
101;Indonesia;5312;Area harvested;486;Bananas;1993;1993;ha;70721;Official data
101;Indonesia;5312;Area harvested;486;Bananas;1994;1994;ha;50041;Official data
101;Indonesia;5312;Area harvested;486;Bananas;1995;1995;ha;49044;Official data
101;Indonesia;5312;Area harvested;486;Bananas;1996;1996;ha;49019;Official data
101;Indonesia;5312;Area harvested;486;Bananas;1997;1997;ha;78115;Official data
101;Indonesia;5312;Area harvested;486;Bananas;1998;1998;ha;71537;Official data
101;Indonesia;5312;Area harvested;486;Bananas;1999;1999;ha;70560;Official data
101;Indonesia;5312;Area harvested;486;Bananas;2000;2000;ha;73539;Official data
101;Indonesia;5312;Area harvested;486;Bananas;2001;2001;ha;76923;Official data
101;Indonesia;5312;Area harvested;486;Bananas;2002;2002;ha;74751;Official data
101;Indonesia;5312;Area harvested;486;Bananas;2003;2003;ha;85690;Official data
101;Indonesia;5312;Area harvested;486;Bananas;2004;2004;ha;95434;Official data
101;Indonesia;5312;Area harvested;486;Bananas;2005;2005;ha;101465;Official data
101;Indonesia;5312;Area harvested;486;Bananas;2006;2006;ha;94144;Official data
101;Indonesia;5312;Area harvested;486;Bananas;2007;2007;ha;98143;Official data
101;Indonesia;5312;Area harvested;486;Bananas;2008;2008;ha;107791;Official data
101;Indonesia;5312;Area harvested;486;Bananas;2009;2009;ha;119018;Official data
101;Indonesia;5312;Area harvested;486;Bananas;2010;2010;ha;101276;Official data
101;Indonesia;5312;Area harvested;486;Bananas;2011;2011;ha;104156;Official data
101;Indonesia;5312;Area harvested;486;Bananas;2012;2012;ha;103158;Official data
101;Indonesia;5312;Area harvested;486;Bananas;2013;2013;ha;105237;FAO data based on imputation methodology
101;Indonesia;5312;Area harvested;486;Bananas;2014;2014;ha;114000;FAO estimate
101;Indonesia;5312;Area harvested;486;Bananas;2015;2015;ha;158000;FAO estimate
101;Indonesia;5312;Area harvested;486;Bananas;2016;2016;ha;117000;FAO estimate
101;Indonesia;5312;Area harvested;486;Bananas;2017;2017;ha;119000;FAO estimate
101;Indonesia;5312;Area harvested;486;Bananas;2018;2018;ha;121299;FAO data based on imputation methodology
101;Indonesia;5312;Area harvested;486;Bananas;2019;2019;ha;132214;FAO data based on imputation methodology
101;Indonesia;5510;Production;486;Bananas;1961;1961;tonnes;800000;FAO estimate
101;Indonesia;5510;Production;486;Bananas;1962;1962;tonnes;800000;FAO estimate
101;Indonesia;5510;Production;486;Bananas;1963;1963;tonnes;850000;FAO estimate
101;Indonesia;5510;Production;486;Bananas;1964;1964;tonnes;880000;FAO estimate
101;Indonesia;5510;Production;486;Bananas;1965;1965;tonnes;950000;FAO estimate
101;Indonesia;5510;Production;486;Bananas;1966;1966;tonnes;980000;FAO estimate
101;Indonesia;5510;Production;486;Bananas;1967;1967;tonnes;950000;FAO estimate
101;Indonesia;5510;Production;486;Bananas;1968;1968;tonnes;920000;Official data
101;Indonesia;5510;Production;486;Bananas;1969;1969;tonnes;1103000;Official data
101;Indonesia;5510;Production;486;Bananas;1970;1970;tonnes;1780000;Official data
101;Indonesia;5510;Production;486;Bananas;1971;1971;tonnes;1688000;Official data
101;Indonesia;5510;Production;486;Bananas;1972;1972;tonnes;1766000;Official data
101;Indonesia;5510;Production;486;Bananas;1973;1973;tonnes;2165000;Official data
101;Indonesia;5510;Production;486;Bananas;1974;1974;tonnes;2040300;Official data
101;Indonesia;5510;Production;486;Bananas;1975;1975;tonnes;1897000;Official data
101;Indonesia;5510;Production;486;Bananas;1976;1976;tonnes;1219464;Official data
101;Indonesia;5510;Production;486;Bananas;1977;1977;tonnes;1725830;Official data
101;Indonesia;5510;Production;486;Bananas;1978;1978;tonnes;1378000;Official data
101;Indonesia;5510;Production;486;Bananas;1979;1979;tonnes;1622229;Official data
101;Indonesia;5510;Production;486;Bananas;1980;1980;tonnes;1976826;Official data
101;Indonesia;5510;Production;486;Bananas;1981;1981;tonnes;2058311;Official data
101;Indonesia;5510;Production;486;Bananas;1982;1982;tonnes;2036000;Official data
101;Indonesia;5510;Production;486;Bananas;1983;1983;tonnes;1781469;Official data
101;Indonesia;5510;Production;486;Bananas;1984;1984;tonnes;1991698;Official data
101;Indonesia;5510;Production;486;Bananas;1985;1985;tonnes;1908627;Official data
101;Indonesia;5510;Production;486;Bananas;1986;1986;tonnes;2412000;Official data
101;Indonesia;5510;Production;486;Bananas;1987;1987;tonnes;2192332;Official data
101;Indonesia;5510;Production;486;Bananas;1988;1988;tonnes;2308378;Official data
101;Indonesia;5510;Production;486;Bananas;1989;1989;tonnes;2192054;Official data
101;Indonesia;5510;Production;486;Bananas;1990;1990;tonnes;2410999;Official data
101;Indonesia;5510;Production;486;Bananas;1991;1991;tonnes;2471925;Official data
101;Indonesia;5510;Production;486;Bananas;1992;1992;tonnes;2650841;Official data
101;Indonesia;5510;Production;486;Bananas;1993;1993;tonnes;2643812;Official data
101;Indonesia;5510;Production;486;Bananas;1994;1994;tonnes;3086557;Official data
101;Indonesia;5510;Production;486;Bananas;1995;1995;tonnes;3805430;Official data
101;Indonesia;5510;Production;486;Bananas;1996;1996;tonnes;3023843;Official data
101;Indonesia;5510;Production;486;Bananas;1997;1997;tonnes;3057081;Official data
101;Indonesia;5510;Production;486;Bananas;1998;1998;tonnes;3176749;Official data
101;Indonesia;5510;Production;486;Bananas;1999;1999;tonnes;3375851;Official data
101;Indonesia;5510;Production;486;Bananas;2000;2000;tonnes;3746962;Official data
101;Indonesia;5510;Production;486;Bananas;2001;2001;tonnes;4300422;Official data
101;Indonesia;5510;Production;486;Bananas;2002;2002;tonnes;4384384;Official data
101;Indonesia;5510;Production;486;Bananas;2003;2003;tonnes;4177155;Official data
101;Indonesia;5510;Production;486;Bananas;2004;2004;tonnes;4874439;Official data
101;Indonesia;5510;Production;486;Bananas;2005;2005;tonnes;5177607;Official data
101;Indonesia;5510;Production;486;Bananas;2006;2006;tonnes;5037472;Official data
101;Indonesia;5510;Production;486;Bananas;2007;2007;tonnes;5454226;Official data
101;Indonesia;5510;Production;486;Bananas;2008;2008;tonnes;6004615;Official data
101;Indonesia;5510;Production;486;Bananas;2009;2009;tonnes;6373533;Official data
101;Indonesia;5510;Production;486;Bananas;2010;2010;tonnes;5755073;Official data
101;Indonesia;5510;Production;486;Bananas;2011;2011;tonnes;6132695;Official data
101;Indonesia;5510;Production;486;Bananas;2012;2012;tonnes;6189052;Official data
101;Indonesia;5510;Production;486;Bananas;2013;2013;tonnes;6279290;Official data
101;Indonesia;5510;Production;486;Bananas;2014;2014;tonnes;6862568;Official data
101;Indonesia;5510;Production;486;Bananas;2015;2015;tonnes;9496058;Official data
101;Indonesia;5510;Production;486;Bananas;2016;2016;tonnes;7007125;Official data
101;Indonesia;5510;Production;486;Bananas;2017;2017;tonnes;7162685;Official data
101;Indonesia;5510;Production;486;Bananas;2018;2018;tonnes;7264379;Official data
101;Indonesia;5510;Production;486;Bananas;2019;2019;tonnes;7280659;Official data
101;Indonesia;5312;Area harvested;125;Cassava;1961;1961;ha;1478000;Official data
101;Indonesia;5312;Area harvested;125;Cassava;1962;1962;ha;1449000;Official data
101;Indonesia;5312;Area harvested;125;Cassava;1963;1963;ha;1598000;Official data
101;Indonesia;5312;Area harvested;125;Cassava;1964;1964;ha;1579000;Official data
101;Indonesia;5312;Area harvested;125;Cassava;1965;1965;ha;1754000;Official data
101;Indonesia;5312;Area harvested;125;Cassava;1966;1966;ha;1513000;Official data
101;Indonesia;5312;Area harvested;125;Cassava;1967;1967;ha;1524000;Official data
101;Indonesia;5312;Area harvested;125;Cassava;1968;1968;ha;1503410;Official data
101;Indonesia;5312;Area harvested;125;Cassava;1969;1969;ha;1467146;Official data
101;Indonesia;5312;Area harvested;125;Cassava;1970;1970;ha;1398070;Official data
101;Indonesia;5312;Area harvested;125;Cassava;1971;1971;ha;1406093;Official data
101;Indonesia;5312;Area harvested;125;Cassava;1972;1972;ha;1468412;Official data
101;Indonesia;5312;Area harvested;125;Cassava;1973;1973;ha;1428813;Official data
101;Indonesia;5312;Area harvested;125;Cassava;1974;1974;ha;1509440;Official data
101;Indonesia;5312;Area harvested;125;Cassava;1975;1975;ha;1410025;Official data
101;Indonesia;5312;Area harvested;125;Cassava;1976;1976;ha;1353328;Official data
101;Indonesia;5312;Area harvested;125;Cassava;1977;1977;ha;1363552;Official data
101;Indonesia;5312;Area harvested;125;Cassava;1978;1978;ha;1382903;Official data
101;Indonesia;5312;Area harvested;125;Cassava;1979;1979;ha;1439315;Official data
101;Indonesia;5312;Area harvested;125;Cassava;1980;1980;ha;1412481;Official data
101;Indonesia;5312;Area harvested;125;Cassava;1981;1981;ha;1387536;Official data
101;Indonesia;5312;Area harvested;125;Cassava;1982;1982;ha;1323709;Official data
101;Indonesia;5312;Area harvested;125;Cassava;1983;1983;ha;1220808;Official data
101;Indonesia;5312;Area harvested;125;Cassava;1984;1984;ha;1350448;Official data
101;Indonesia;5312;Area harvested;125;Cassava;1985;1985;ha;1291845;Official data
101;Indonesia;5312;Area harvested;125;Cassava;1986;1986;ha;1169886;Official data
101;Indonesia;5312;Area harvested;125;Cassava;1987;1987;ha;1222151;Official data
101;Indonesia;5312;Area harvested;125;Cassava;1988;1988;ha;1302581;Official data
101;Indonesia;5312;Area harvested;125;Cassava;1989;1989;ha;1407880;Official data
101;Indonesia;5312;Area harvested;125;Cassava;1990;1990;ha;1311584;Official data
101;Indonesia;5312;Area harvested;125;Cassava;1991;1991;ha;1319143;Official data
101;Indonesia;5312;Area harvested;125;Cassava;1992;1992;ha;1351324;Official data
101;Indonesia;5312;Area harvested;125;Cassava;1993;1993;ha;1401640;Official data
101;Indonesia;5312;Area harvested;125;Cassava;1994;1994;ha;1356580;Official data
101;Indonesia;5312;Area harvested;125;Cassava;1995;1995;ha;1324260;Official data
101;Indonesia;5312;Area harvested;125;Cassava;1996;1996;ha;1415100;Official data
101;Indonesia;5312;Area harvested;125;Cassava;1997;1997;ha;1243366;Official data
101;Indonesia;5312;Area harvested;125;Cassava;1998;1998;ha;1205350;Official data
101;Indonesia;5312;Area harvested;125;Cassava;1999;1999;ha;1350010;Official data
101;Indonesia;5312;Area harvested;125;Cassava;2000;2000;ha;1284000;Official data
101;Indonesia;5312;Area harvested;125;Cassava;2001;2001;ha;1317900;Official data
101;Indonesia;5312;Area harvested;125;Cassava;2002;2002;ha;1276533;Official data
101;Indonesia;5312;Area harvested;125;Cassava;2003;2003;ha;1244540;Official data
101;Indonesia;5312;Area harvested;125;Cassava;2004;2004;ha;1255805;Official data
101;Indonesia;5312;Area harvested;125;Cassava;2005;2005;ha;1213460;Official data
101;Indonesia;5312;Area harvested;125;Cassava;2006;2006;ha;1227459;Official data
101;Indonesia;5312;Area harvested;125;Cassava;2007;2007;ha;1201481;Official data
101;Indonesia;5312;Area harvested;125;Cassava;2008;2008;ha;1193319;Official data
101;Indonesia;5312;Area harvested;125;Cassava;2009;2009;ha;1175666;Official data
101;Indonesia;5312;Area harvested;125;Cassava;2010;2010;ha;1183047;Official data
101;Indonesia;5312;Area harvested;125;Cassava;2011;2011;ha;1184696;Official data
101;Indonesia;5312;Area harvested;125;Cassava;2012;2012;ha;1129688;Official data
101;Indonesia;5312;Area harvested;125;Cassava;2013;2013;ha;1065752;Official data
101;Indonesia;5312;Area harvested;125;Cassava;2014;2014;ha;1003494;Official data
101;Indonesia;5312;Area harvested;125;Cassava;2015;2015;ha;949916;Official data
101;Indonesia;5312;Area harvested;125;Cassava;2016;2016;ha;822744;Official data
101;Indonesia;5312;Area harvested;125;Cassava;2017;2017;ha;772975;Official data
101;Indonesia;5312;Area harvested;125;Cassava;2018;2018;ha;697384;Official data
101;Indonesia;5312;Area harvested;125;Cassava;2019;2019;ha;640526;FAO data based on imputation methodology
101;Indonesia;5510;Production;125;Cassava;1961;1961;tonnes;11189500;Official data
101;Indonesia;5510;Production;125;Cassava;1962;1962;tonnes;11386000;Official data
101;Indonesia;5510;Production;125;Cassava;1963;1963;tonnes;11678700;Official data
101;Indonesia;5510;Production;125;Cassava;1964;1964;tonnes;12261700;Official data
101;Indonesia;5510;Production;125;Cassava;1965;1965;tonnes;12643400;Official data
101;Indonesia;5510;Production;125;Cassava;1966;1966;tonnes;11232500;Official data
101;Indonesia;5510;Production;125;Cassava;1967;1967;tonnes;10746600;Official data
101;Indonesia;5510;Production;125;Cassava;1968;1968;tonnes;11355630;Official data
101;Indonesia;5510;Production;125;Cassava;1969;1969;tonnes;10916530;Official data
101;Indonesia;5510;Production;125;Cassava;1970;1970;tonnes;10478310;Official data
101;Indonesia;5510;Production;125;Cassava;1971;1971;tonnes;10689690;Official data
101;Indonesia;5510;Production;125;Cassava;1972;1972;tonnes;10384950;Official data
101;Indonesia;5510;Production;125;Cassava;1973;1973;tonnes;11185590;Official data
101;Indonesia;5510;Production;125;Cassava;1974;1974;tonnes;13030670;Official data
101;Indonesia;5510;Production;125;Cassava;1975;1975;tonnes;12545540;Official data
101;Indonesia;5510;Production;125;Cassava;1976;1976;tonnes;12190730;Official data
101;Indonesia;5510;Production;125;Cassava;1977;1977;tonnes;12487660;Official data
101;Indonesia;5510;Production;125;Cassava;1978;1978;tonnes;12902010;Official data
101;Indonesia;5510;Production;125;Cassava;1979;1979;tonnes;13750770;Official data
101;Indonesia;5510;Production;125;Cassava;1980;1980;tonnes;13726340;Official data
101;Indonesia;5510;Production;125;Cassava;1981;1981;tonnes;13300910;Official data
101;Indonesia;5510;Production;125;Cassava;1982;1982;tonnes;12987890;Official data
101;Indonesia;5510;Production;125;Cassava;1983;1983;tonnes;12102730;Official data
101;Indonesia;5510;Production;125;Cassava;1984;1984;tonnes;14167090;Official data
101;Indonesia;5510;Production;125;Cassava;1985;1985;tonnes;14057030;Official data
101;Indonesia;5510;Production;125;Cassava;1986;1986;tonnes;13312119;Official data
101;Indonesia;5510;Production;125;Cassava;1987;1987;tonnes;14356336;Official data
101;Indonesia;5510;Production;125;Cassava;1988;1988;tonnes;15471111;Official data
101;Indonesia;5510;Production;125;Cassava;1989;1989;tonnes;17117248;Official data
101;Indonesia;5510;Production;125;Cassava;1990;1990;tonnes;15829635;Official data
101;Indonesia;5510;Production;125;Cassava;1991;1991;tonnes;15954467;Official data
101;Indonesia;5510;Production;125;Cassava;1992;1992;tonnes;16515860;Official data
101;Indonesia;5510;Production;125;Cassava;1993;1993;tonnes;17285380;Official data
101;Indonesia;5510;Production;125;Cassava;1994;1994;tonnes;15729000;Official data
101;Indonesia;5510;Production;125;Cassava;1995;1995;tonnes;15441481;Official data
101;Indonesia;5510;Production;125;Cassava;1996;1996;tonnes;17002456;Official data
101;Indonesia;5510;Production;125;Cassava;1997;1997;tonnes;15134021;Official data
101;Indonesia;5510;Production;125;Cassava;1998;1998;tonnes;14696203;Official data
101;Indonesia;5510;Production;125;Cassava;1999;1999;tonnes;16438100;Official data
101;Indonesia;5510;Production;125;Cassava;2000;2000;tonnes;16089100;Official data
101;Indonesia;5510;Production;125;Cassava;2001;2001;tonnes;17054600;Official data
101;Indonesia;5510;Production;125;Cassava;2002;2002;tonnes;16912900;Official data
101;Indonesia;5510;Production;125;Cassava;2003;2003;tonnes;18523800;Official data
101;Indonesia;5510;Production;125;Cassava;2004;2004;tonnes;19424708;Official data
101;Indonesia;5510;Production;125;Cassava;2005;2005;tonnes;19321200;Official data
101;Indonesia;5510;Production;125;Cassava;2006;2006;tonnes;19986640;Official data
101;Indonesia;5510;Production;125;Cassava;2007;2007;tonnes;19988058;Official data
101;Indonesia;5510;Production;125;Cassava;2008;2008;tonnes;21593052;Official data
101;Indonesia;5510;Production;125;Cassava;2009;2009;tonnes;22039148;Official data
101;Indonesia;5510;Production;125;Cassava;2010;2010;tonnes;23918118;Official data
101;Indonesia;5510;Production;125;Cassava;2011;2011;tonnes;24044024;Official data
101;Indonesia;5510;Production;125;Cassava;2012;2012;tonnes;24177372;Official data
101;Indonesia;5510;Production;125;Cassava;2013;2013;tonnes;23936920;Official data
101;Indonesia;5510;Production;125;Cassava;2014;2014;tonnes;23436384;Official data
101;Indonesia;5510;Production;125;Cassava;2015;2015;tonnes;21801415;Official data
101;Indonesia;5510;Production;125;Cassava;2016;2016;tonnes;20260675;Official data
101;Indonesia;5510;Production;125;Cassava;2017;2017;tonnes;19053748;Official data
101;Indonesia;5510;Production;125;Cassava;2018;2018;tonnes;16119020;Official data
101;Indonesia;5510;Production;125;Cassava;2019;2019;tonnes;14586693;FAO data based on imputation methodology
101;Indonesia;5312;Area harvested;249;Coconuts;1961;1961;ha;1130000;FAO estimate
101;Indonesia;5312;Area harvested;249;Coconuts;1962;1962;ha;1120000;FAO estimate
101;Indonesia;5312;Area harvested;249;Coconuts;1963;1963;ha;1102000;FAO estimate
101;Indonesia;5312;Area harvested;249;Coconuts;1964;1964;ha;1104000;FAO estimate
101;Indonesia;5312;Area harvested;249;Coconuts;1965;1965;ha;1090000;FAO estimate
101;Indonesia;5312;Area harvested;249;Coconuts;1966;1966;ha;1050000;Unofficial figure
101;Indonesia;5312;Area harvested;249;Coconuts;1967;1967;ha;1044000;Unofficial figure
101;Indonesia;5312;Area harvested;249;Coconuts;1968;1968;ha;1127000;Unofficial figure
101;Indonesia;5312;Area harvested;249;Coconuts;1969;1969;ha;1180000;Unofficial figure
101;Indonesia;5312;Area harvested;249;Coconuts;1970;1970;ha;1258000;Official data
101;Indonesia;5312;Area harvested;249;Coconuts;1971;1971;ha;1322000;Unofficial figure
101;Indonesia;5312;Area harvested;249;Coconuts;1972;1972;ha;1336000;Unofficial figure
101;Indonesia;5312;Area harvested;249;Coconuts;1973;1973;ha;1406000;Unofficial figure
101;Indonesia;5312;Area harvested;249;Coconuts;1974;1974;ha;1491000;Official data
101;Indonesia;5312;Area harvested;249;Coconuts;1975;1975;ha;1534000;Official data
101;Indonesia;5312;Area harvested;249;Coconuts;1976;1976;ha;1610000;Official data
101;Indonesia;5312;Area harvested;249;Coconuts;1977;1977;ha;1655000;Official data
101;Indonesia;5312;Area harvested;249;Coconuts;1978;1978;ha;1669000;Official data
101;Indonesia;5312;Area harvested;249;Coconuts;1979;1979;ha;1748305;Official data
101;Indonesia;5312;Area harvested;249;Coconuts;1980;1980;ha;1802995;Official data
101;Indonesia;5312;Area harvested;249;Coconuts;1981;1981;ha;1893773;Official data
101;Indonesia;5312;Area harvested;249;Coconuts;1982;1982;ha;1958562;Official data
101;Indonesia;5312;Area harvested;249;Coconuts;1983;1983;ha;1904000;Official data
101;Indonesia;5312;Area harvested;249;Coconuts;1984;1984;ha;1976000;Official data
101;Indonesia;5312;Area harvested;249;Coconuts;1985;1985;ha;1975000;Official data
101;Indonesia;5312;Area harvested;249;Coconuts;1986;1986;ha;2112040;Official data
101;Indonesia;5312;Area harvested;249;Coconuts;1987;1987;ha;2096762;Official data
101;Indonesia;5312;Area harvested;249;Coconuts;1988;1988;ha;2050000;Unofficial figure
101;Indonesia;5312;Area harvested;249;Coconuts;1989;1989;ha;2170005;Official data
101;Indonesia;5312;Area harvested;249;Coconuts;1990;1990;ha;2261563;Official data
101;Indonesia;5312;Area harvested;249;Coconuts;1991;1991;ha;2267876;Official data
101;Indonesia;5312;Area harvested;249;Coconuts;1992;1992;ha;2287245;Official data
101;Indonesia;5312;Area harvested;249;Coconuts;1993;1993;ha;2450157;Official data
101;Indonesia;5312;Area harvested;249;Coconuts;1994;1994;ha;2590656;Official data
101;Indonesia;5312;Area harvested;249;Coconuts;1995;1995;ha;2584754;Official data
101;Indonesia;5312;Area harvested;249;Coconuts;1996;1996;ha;2543965;Official data
101;Indonesia;5312;Area harvested;249;Coconuts;1997;1997;ha;2547761;Official data
101;Indonesia;5312;Area harvested;249;Coconuts;1998;1998;ha;2552736;Official data
101;Indonesia;5312;Area harvested;249;Coconuts;1999;1999;ha;2535910;Official data
101;Indonesia;5312;Area harvested;249;Coconuts;2000;2000;ha;2591530;Official data
101;Indonesia;5312;Area harvested;249;Coconuts;2001;2001;ha;2836995;Official data
101;Indonesia;5312;Area harvested;249;Coconuts;2002;2002;ha;2634725;Official data
101;Indonesia;5312;Area harvested;249;Coconuts;2003;2003;ha;2675059;Official data
101;Indonesia;5312;Area harvested;249;Coconuts;2004;2004;ha;2690000;Unofficial figure
101;Indonesia;5312;Area harvested;249;Coconuts;2005;2005;ha;2710000;Unofficial figure
101;Indonesia;5312;Area harvested;249;Coconuts;2006;2006;ha;2650000;Unofficial figure
101;Indonesia;5312;Area harvested;249;Coconuts;2007;2007;ha;2900000;Unofficial figure
101;Indonesia;5312;Area harvested;249;Coconuts;2008;2008;ha;2880000;Unofficial figure
101;Indonesia;5312;Area harvested;249;Coconuts;2009;2009;ha;2900000;Unofficial figure
101;Indonesia;5312;Area harvested;249;Coconuts;2010;2010;ha;2980000;Unofficial figure
101;Indonesia;5312;Area harvested;249;Coconuts;2011;2011;ha;2980000;Unofficial figure
101;Indonesia;5312;Area harvested;249;Coconuts;2012;2012;ha;3000000;Unofficial figure
101;Indonesia;5312;Area harvested;249;Coconuts;2013;2013;ha;3020000;Unofficial figure
101;Indonesia;5312;Area harvested;249;Coconuts;2014;2014;ha;3025000;Unofficial figure
101;Indonesia;5312;Area harvested;249;Coconuts;2015;2015;ha;3030000;Unofficial figure
101;Indonesia;5312;Area harvested;249;Coconuts;2016;2016;ha;2900000;Unofficial figure
101;Indonesia;5312;Area harvested;249;Coconuts;2017;2017;ha;2850000;Unofficial figure
101;Indonesia;5312;Area harvested;249;Coconuts;2018;2018;ha;2800000;Unofficial figure
101;Indonesia;5312;Area harvested;249;Coconuts;2019;2019;ha;2800000;Unofficial figure
101;Indonesia;5510;Production;249;Coconuts;1961;1961;tonnes;5650000;FAO estimate
101;Indonesia;5510;Production;249;Coconuts;1962;1962;tonnes;5600000;FAO estimate
101;Indonesia;5510;Production;249;Coconuts;1963;1963;tonnes;5510000;FAO estimate
101;Indonesia;5510;Production;249;Coconuts;1964;1964;tonnes;5520000;FAO estimate
101;Indonesia;5510;Production;249;Coconuts;1965;1965;tonnes;5450000;FAO estimate
101;Indonesia;5510;Production;249;Coconuts;1966;1966;tonnes;5250000;FAO estimate
101;Indonesia;5510;Production;249;Coconuts;1967;1967;tonnes;5700000;Unofficial figure
101;Indonesia;5510;Production;249;Coconuts;1968;1968;tonnes;5890000;Unofficial figure
101;Indonesia;5510;Production;249;Coconuts;1969;1969;tonnes;6070000;Unofficial figure
101;Indonesia;5510;Production;249;Coconuts;1970;1970;tonnes;6260000;Unofficial figure
101;Indonesia;5510;Production;249;Coconuts;1971;1971;tonnes;6650000;Unofficial figure
101;Indonesia;5510;Production;249;Coconuts;1972;1972;tonnes;6530000;Unofficial figure
101;Indonesia;5510;Production;249;Coconuts;1973;1973;tonnes;6660000;Unofficial figure
101;Indonesia;5510;Production;249;Coconuts;1974;1974;tonnes;7000000;Unofficial figure
101;Indonesia;5510;Production;249;Coconuts;1975;1975;tonnes;7230000;Unofficial figure
101;Indonesia;5510;Production;249;Coconuts;1976;1976;tonnes;7980000;Unofficial figure
101;Indonesia;5510;Production;249;Coconuts;1977;1977;tonnes;8150000;Unofficial figure
101;Indonesia;5510;Production;249;Coconuts;1978;1978;tonnes;8210000;Unofficial figure
101;Indonesia;5510;Production;249;Coconuts;1979;1979;tonnes;8430000;Unofficial figure
101;Indonesia;5510;Production;249;Coconuts;1980;1980;tonnes;8660000;Unofficial figure
101;Indonesia;5510;Production;249;Coconuts;1981;1981;tonnes;9320000;Unofficial figure
101;Indonesia;5510;Production;249;Coconuts;1982;1982;tonnes;8340000;Unofficial figure
101;Indonesia;5510;Production;249;Coconuts;1983;1983;tonnes;8360000;Unofficial figure
101;Indonesia;5510;Production;249;Coconuts;1984;1984;tonnes;9100000;Unofficial figure
101;Indonesia;5510;Production;249;Coconuts;1985;1985;tonnes;10000000;Unofficial figure
101;Indonesia;5510;Production;249;Coconuts;1986;1986;tonnes;10270000;Unofficial figure
101;Indonesia;5510;Production;249;Coconuts;1987;1987;tonnes;10920000;Unofficial figure
101;Indonesia;5510;Production;249;Coconuts;1988;1988;tonnes;11150000;Unofficial figure
101;Indonesia;5510;Production;249;Coconuts;1989;1989;tonnes;11550000;Unofficial figure
101;Indonesia;5510;Production;249;Coconuts;1990;1990;tonnes;12120000;Unofficial figure
101;Indonesia;5510;Production;249;Coconuts;1991;1991;tonnes;12900000;Unofficial figure
101;Indonesia;5510;Production;249;Coconuts;1992;1992;tonnes;12870000;Unofficial figure
101;Indonesia;5510;Production;249;Coconuts;1993;1993;tonnes;13550000;Unofficial figure
101;Indonesia;5510;Production;249;Coconuts;1994;1994;tonnes;13770000;Unofficial figure
101;Indonesia;5510;Production;249;Coconuts;1995;1995;tonnes;14318000;Unofficial figure
101;Indonesia;5510;Production;249;Coconuts;1996;1996;tonnes;13804500;Unofficial figure
101;Indonesia;5510;Production;249;Coconuts;1997;1997;tonnes;13463000;Unofficial figure
101;Indonesia;5510;Production;249;Coconuts;1998;1998;tonnes;13890500;Unofficial figure
101;Indonesia;5510;Production;249;Coconuts;1999;1999;tonnes;14975000;Unofficial figure
101;Indonesia;5510;Production;249;Coconuts;2000;2000;tonnes;15240000;Unofficial figure
101;Indonesia;5510;Production;249;Coconuts;2001;2001;tonnes;15815000;Unofficial figure
101;Indonesia;5510;Production;249;Coconuts;2002;2002;tonnes;15495000;Unofficial figure
101;Indonesia;5510;Production;249;Coconuts;2003;2003;tonnes;16145000;Unofficial figure
101;Indonesia;5510;Production;249;Coconuts;2004;2004;tonnes;16285000;Unofficial figure
101;Indonesia;5510;Production;249;Coconuts;2005;2005;tonnes;18250000;Unofficial figure
101;Indonesia;5510;Production;249;Coconuts;2006;2006;tonnes;17125000;Unofficial figure
101;Indonesia;5510;Production;249;Coconuts;2007;2007;tonnes;19625000;Unofficial figure
101;Indonesia;5510;Production;249;Coconuts;2008;2008;tonnes;17937000;Unofficial figure
101;Indonesia;5510;Production;249;Coconuts;2009;2009;tonnes;19000000;Unofficial figure
101;Indonesia;5510;Production;249;Coconuts;2010;2010;tonnes;18000000;Unofficial figure
101;Indonesia;5510;Production;249;Coconuts;2011;2011;tonnes;17500000;Unofficial figure
101;Indonesia;5510;Production;249;Coconuts;2012;2012;tonnes;19400000;Unofficial figure
101;Indonesia;5510;Production;249;Coconuts;2013;2013;tonnes;18300000;Unofficial figure
101;Indonesia;5510;Production;249;Coconuts;2014;2014;tonnes;18300000;Unofficial figure
101;Indonesia;5510;Production;249;Coconuts;2015;2015;tonnes;17500000;Unofficial figure
101;Indonesia;5510;Production;249;Coconuts;2016;2016;tonnes;17400000;Unofficial figure
101;Indonesia;5510;Production;249;Coconuts;2017;2017;tonnes;17200000;Unofficial figure
101;Indonesia;5510;Production;249;Coconuts;2018;2018;tonnes;17100000;Unofficial figure
101;Indonesia;5510;Production;249;Coconuts;2019;2019;tonnes;17128595;FAO data based on imputation methodology
101;Indonesia;5312;Area harvested;490;Oranges;1961;1961;ha;20000;FAO estimate
101;Indonesia;5312;Area harvested;490;Oranges;1962;1962;ha;20000;FAO estimate
101;Indonesia;5312;Area harvested;490;Oranges;1963;1963;ha;25000;FAO estimate
101;Indonesia;5312;Area harvested;490;Oranges;1964;1964;ha;25000;FAO estimate
101;Indonesia;5312;Area harvested;490;Oranges;1965;1965;ha;25000;FAO estimate
101;Indonesia;5312;Area harvested;490;Oranges;1966;1966;ha;25000;FAO estimate
101;Indonesia;5312;Area harvested;490;Oranges;1967;1967;ha;25000;FAO estimate
101;Indonesia;5312;Area harvested;490;Oranges;1968;1968;ha;25000;FAO estimate
101;Indonesia;5312;Area harvested;490;Oranges;1969;1969;ha;25000;FAO estimate
101;Indonesia;5312;Area harvested;490;Oranges;1970;1970;ha;29000;Official data
101;Indonesia;5312;Area harvested;490;Oranges;1971;1971;ha;31000;Official data
101;Indonesia;5312;Area harvested;490;Oranges;1972;1972;ha;27000;Official data
101;Indonesia;5312;Area harvested;490;Oranges;1973;1973;ha;34000;Official data
101;Indonesia;5312;Area harvested;490;Oranges;1974;1974;ha;33400;Official data
101;Indonesia;5312;Area harvested;490;Oranges;1975;1975;ha;29700;Official data
101;Indonesia;5312;Area harvested;490;Oranges;1976;1976;ha;32000;Official data
101;Indonesia;5312;Area harvested;490;Oranges;1977;1977;ha;32517;Official data
101;Indonesia;5312;Area harvested;490;Oranges;1978;1978;ha;31000;Official data
101;Indonesia;5312;Area harvested;490;Oranges;1979;1979;ha;26977;Official data
101;Indonesia;5312;Area harvested;490;Oranges;1980;1980;ha;44893;Official data
101;Indonesia;5312;Area harvested;490;Oranges;1981;1981;ha;55073;Official data
101;Indonesia;5312;Area harvested;490;Oranges;1982;1982;ha;40000;Official data
101;Indonesia;5312;Area harvested;490;Oranges;1983;1983;ha;64696;Official data
101;Indonesia;5312;Area harvested;490;Oranges;1984;1984;ha;67753;Official data
101;Indonesia;5312;Area harvested;490;Oranges;1985;1985;ha;72529;Official data
101;Indonesia;5312;Area harvested;490;Oranges;1986;1986;ha;83000;Official data
101;Indonesia;5312;Area harvested;490;Oranges;1987;1987;ha;79000;Official data
101;Indonesia;5312;Area harvested;490;Oranges;1988;1988;ha;72429;Official data
101;Indonesia;5312;Area harvested;490;Oranges;1989;1989;ha;52571;Official data
101;Indonesia;5312;Area harvested;490;Oranges;1990;1990;ha;50217;Official data
101;Indonesia;5312;Area harvested;490;Oranges;1991;1991;ha;60620;Official data
101;Indonesia;5312;Area harvested;490;Oranges;1992;1992;ha;58190;Official data
101;Indonesia;5312;Area harvested;490;Oranges;1993;1993;ha;36910;Official data
101;Indonesia;5312;Area harvested;490;Oranges;1994;1994;ha;67200;Official data
101;Indonesia;5312;Area harvested;490;Oranges;1995;1995;ha;99147;Official data
101;Indonesia;5312;Area harvested;490;Oranges;1996;1996;ha;133061;Official data
101;Indonesia;5312;Area harvested;490;Oranges;1997;1997;ha;132195;Official data
101;Indonesia;5312;Area harvested;490;Oranges;1998;1998;ha;23681;Official data
101;Indonesia;5312;Area harvested;490;Oranges;1999;1999;ha;25214;Official data
101;Indonesia;5312;Area harvested;490;Oranges;2000;2000;ha;37120;Official data
101;Indonesia;5312;Area harvested;490;Oranges;2001;2001;ha;35367;Official data
101;Indonesia;5312;Area harvested;490;Oranges;2002;2002;ha;47824;Official data
101;Indonesia;5312;Area harvested;490;Oranges;2003;2003;ha;56290;Official data
101;Indonesia;5312;Area harvested;490;Oranges;2004;2004;ha;72306;Official data
101;Indonesia;5312;Area harvested;490;Oranges;2005;2005;ha;67883;Official data
101;Indonesia;5312;Area harvested;490;Oranges;2006;2006;ha;72390;Official data
101;Indonesia;5312;Area harvested;490;Oranges;2007;2007;ha;67592;Official data
101;Indonesia;5312;Area harvested;490;Oranges;2008;2008;ha;68673;Official data
101;Indonesia;5312;Area harvested;490;Oranges;2009;2009;ha;60190;Official data
101;Indonesia;5312;Area harvested;490;Oranges;2010;2010;ha;57083;Official data
101;Indonesia;5312;Area harvested;490;Oranges;2011;2011;ha;51688;Official data
101;Indonesia;5312;Area harvested;490;Oranges;2012;2012;ha;51793;Official data
101;Indonesia;5312;Area harvested;490;Oranges;2013;2013;ha;48545;FAO data based on imputation methodology
101;Indonesia;5312;Area harvested;490;Oranges;2014;2014;ha;53235;FAO data based on imputation methodology
101;Indonesia;5312;Area harvested;490;Oranges;2015;2015;ha;50591;FAO data based on imputation methodology
101;Indonesia;5312;Area harvested;490;Oranges;2016;2016;ha;58423;FAO data based on imputation methodology
101;Indonesia;5312;Area harvested;490;Oranges;2017;2017;ha;62060;FAO data based on imputation methodology
101;Indonesia;5312;Area harvested;490;Oranges;2018;2018;ha;67180;FAO data based on imputation methodology
101;Indonesia;5312;Area harvested;490;Oranges;2019;2019;ha;67904;FAO data based on imputation methodology
101;Indonesia;5510;Production;490;Oranges;1961;1961;tonnes;80000;FAO estimate
101;Indonesia;5510;Production;490;Oranges;1962;1962;tonnes;80000;FAO estimate
101;Indonesia;5510;Production;490;Oranges;1963;1963;tonnes;100000;FAO estimate
101;Indonesia;5510;Production;490;Oranges;1964;1964;tonnes;100000;FAO estimate
101;Indonesia;5510;Production;490;Oranges;1965;1965;tonnes;100000;FAO estimate
101;Indonesia;5510;Production;490;Oranges;1966;1966;tonnes;100000;FAO estimate
101;Indonesia;5510;Production;490;Oranges;1967;1967;tonnes;100000;FAO estimate
101;Indonesia;5510;Production;490;Oranges;1968;1968;tonnes;100000;FAO estimate
101;Indonesia;5510;Production;490;Oranges;1969;1969;tonnes;100000;FAO estimate
101;Indonesia;5510;Production;490;Oranges;1970;1970;tonnes;107000;Official data
101;Indonesia;5510;Production;490;Oranges;1971;1971;tonnes;129000;Official data
101;Indonesia;5510;Production;490;Oranges;1972;1972;tonnes;148000;Official data
101;Indonesia;5510;Production;490;Oranges;1973;1973;tonnes;171000;Official data
101;Indonesia;5510;Production;490;Oranges;1974;1974;tonnes;166000;Official data
101;Indonesia;5510;Production;490;Oranges;1975;1975;tonnes;167400;Official data
101;Indonesia;5510;Production;490;Oranges;1976;1976;tonnes;152000;Official data
101;Indonesia;5510;Production;490;Oranges;1977;1977;tonnes;210210;Official data
101;Indonesia;5510;Production;490;Oranges;1978;1978;tonnes;220000;Official data
101;Indonesia;5510;Production;490;Oranges;1979;1979;tonnes;187967;Official data
101;Indonesia;5510;Production;490;Oranges;1980;1980;tonnes;311014;Official data
101;Indonesia;5510;Production;490;Oranges;1981;1981;tonnes;465729;Official data
101;Indonesia;5510;Production;490;Oranges;1982;1982;tonnes;355000;Official data
101;Indonesia;5510;Production;490;Oranges;1983;1983;tonnes;493047;Official data
101;Indonesia;5510;Production;490;Oranges;1984;1984;tonnes;539000;Official data
101;Indonesia;5510;Production;490;Oranges;1985;1985;tonnes;485236;Official data
101;Indonesia;5510;Production;490;Oranges;1986;1986;tonnes;619000;Official data
101;Indonesia;5510;Production;490;Oranges;1987;1987;tonnes;559000;Official data
101;Indonesia;5510;Production;490;Oranges;1988;1988;tonnes;444967;Official data
101;Indonesia;5510;Production;490;Oranges;1989;1989;tonnes;268578;Official data
101;Indonesia;5510;Production;490;Oranges;1990;1990;tonnes;253661;Official data
101;Indonesia;5510;Production;490;Oranges;1991;1991;tonnes;353011;Official data
101;Indonesia;5510;Production;490;Oranges;1992;1992;tonnes;395732;Official data
101;Indonesia;5510;Production;490;Oranges;1993;1993;tonnes;260341;Official data
101;Indonesia;5510;Production;490;Oranges;1994;1994;tonnes;393427;Official data
101;Indonesia;5510;Production;490;Oranges;1995;1995;tonnes;1004631;Official data
101;Indonesia;5510;Production;490;Oranges;1996;1996;tonnes;730860;Official data
101;Indonesia;5510;Production;490;Oranges;1997;1997;tonnes;696422;Official data
101;Indonesia;5510;Production;490;Oranges;1998;1998;tonnes;490937;Official data
101;Indonesia;5510;Production;490;Oranges;1999;1999;tonnes;449531;Official data
101;Indonesia;5510;Production;490;Oranges;2000;2000;tonnes;644052;Official data
101;Indonesia;5510;Production;490;Oranges;2001;2001;tonnes;691433;Official data
101;Indonesia;5510;Production;490;Oranges;2002;2002;tonnes;968132;Official data
101;Indonesia;5510;Production;490;Oranges;2003;2003;tonnes;1529824;Official data
101;Indonesia;5510;Production;490;Oranges;2004;2004;tonnes;2071084;Official data
101;Indonesia;5510;Production;490;Oranges;2005;2005;tonnes;2214019;Official data
101;Indonesia;5510;Production;490;Oranges;2006;2006;tonnes;2565543;Official data
101;Indonesia;5510;Production;490;Oranges;2007;2007;tonnes;2625884;Official data
101;Indonesia;5510;Production;490;Oranges;2008;2008;tonnes;2467632;Official data
101;Indonesia;5510;Production;490;Oranges;2009;2009;tonnes;2131768;Official data
101;Indonesia;5510;Production;490;Oranges;2010;2010;tonnes;2028904;Official data
101;Indonesia;5510;Production;490;Oranges;2011;2011;tonnes;1818949;Official data
101;Indonesia;5510;Production;490;Oranges;2012;2012;tonnes;1611784;Official data
101;Indonesia;5510;Production;490;Oranges;2013;2013;tonnes;1654745;Official data
101;Indonesia;5510;Production;490;Oranges;2014;2014;tonnes;1926560;Official data
101;Indonesia;5510;Production;490;Oranges;2015;2015;tonnes;1856174;Official data
101;Indonesia;5510;Production;490;Oranges;2016;2016;tonnes;2138474;Official data
101;Indonesia;5510;Production;490;Oranges;2017;2017;tonnes;2295325;Official data
101;Indonesia;5510;Production;490;Oranges;2018;2018;tonnes;2510420;Official data
101;Indonesia;5510;Production;490;Oranges;2019;2019;tonnes;2563485;Official data
101;Indonesia;5312;Area harvested;600;Papayas;1961;1961;ha;18000;FAO estimate
101;Indonesia;5312;Area harvested;600;Papayas;1962;1962;ha;18000;FAO estimate
101;Indonesia;5312;Area harvested;600;Papayas;1963;1963;ha;22000;FAO estimate
101;Indonesia;5312;Area harvested;600;Papayas;1964;1964;ha;22000;FAO estimate
101;Indonesia;5312;Area harvested;600;Papayas;1965;1965;ha;26000;FAO estimate
101;Indonesia;5312;Area harvested;600;Papayas;1966;1966;ha;28000;FAO estimate
101;Indonesia;5312;Area harvested;600;Papayas;1967;1967;ha;28000;FAO estimate
101;Indonesia;5312;Area harvested;600;Papayas;1968;1968;ha;35000;FAO estimate
101;Indonesia;5312;Area harvested;600;Papayas;1969;1969;ha;35000;FAO estimate
101;Indonesia;5312;Area harvested;600;Papayas;1970;1970;ha;28000;FAO estimate
101;Indonesia;5312;Area harvested;600;Papayas;1971;1971;ha;30000;FAO estimate
101;Indonesia;5312;Area harvested;600;Papayas;1972;1972;ha;30000;FAO estimate
101;Indonesia;5312;Area harvested;600;Papayas;1973;1973;ha;32000;FAO estimate
101;Indonesia;5312;Area harvested;600;Papayas;1974;1974;ha;34700;Official data
101;Indonesia;5312;Area harvested;600;Papayas;1975;1975;ha;33600;Official data
101;Indonesia;5312;Area harvested;600;Papayas;1976;1976;ha;19200;Official data
101;Indonesia;5312;Area harvested;600;Papayas;1977;1977;ha;19977;Official data
101;Indonesia;5312;Area harvested;600;Papayas;1978;1978;ha;20745;Official data
101;Indonesia;5312;Area harvested;600;Papayas;1979;1979;ha;22820;Official data
101;Indonesia;5312;Area harvested;600;Papayas;1980;1980;ha;30438;Official data
101;Indonesia;5312;Area harvested;600;Papayas;1981;1981;ha;32574;Official data
101;Indonesia;5312;Area harvested;600;Papayas;1982;1982;ha;36751;Official data
101;Indonesia;5312;Area harvested;600;Papayas;1983;1983;ha;28321;Official data
101;Indonesia;5312;Area harvested;600;Papayas;1984;1984;ha;28981;Official data
101;Indonesia;5312;Area harvested;600;Papayas;1985;1985;ha;28050;Official data
101;Indonesia;5312;Area harvested;600;Papayas;1986;1986;ha;36000;FAO estimate
101;Indonesia;5312;Area harvested;600;Papayas;1987;1987;ha;33000;FAO estimate
101;Indonesia;5312;Area harvested;600;Papayas;1988;1988;ha;35183;Official data
101;Indonesia;5312;Area harvested;600;Papayas;1989;1989;ha;26307;Official data
101;Indonesia;5312;Area harvested;600;Papayas;1990;1990;ha;27880;Official data
101;Indonesia;5312;Area harvested;600;Papayas;1991;1991;ha;24597;Official data
101;Indonesia;5312;Area harvested;600;Papayas;1992;1992;ha;13157;Official data
101;Indonesia;5312;Area harvested;600;Papayas;1993;1993;ha;10751;Official data
101;Indonesia;5312;Area harvested;600;Papayas;1994;1994;ha;12235;Official data
101;Indonesia;5312;Area harvested;600;Papayas;1995;1995;ha;11182;Official data
101;Indonesia;5312;Area harvested;600;Papayas;1996;1996;ha;9892;Official data
101;Indonesia;5312;Area harvested;600;Papayas;1997;1997;ha;10036;Official data
101;Indonesia;5312;Area harvested;600;Papayas;1998;1998;ha;9886;Official data
101;Indonesia;5312;Area harvested;600;Papayas;1999;1999;ha;9946;Official data
101;Indonesia;5312;Area harvested;600;Papayas;2000;2000;ha;8886;Official data
101;Indonesia;5312;Area harvested;600;Papayas;2001;2001;ha;10259;Official data
101;Indonesia;5312;Area harvested;600;Papayas;2002;2002;ha;10280;Official data
101;Indonesia;5312;Area harvested;600;Papayas;2003;2003;ha;9306;Official data
101;Indonesia;5312;Area harvested;600;Papayas;2004;2004;ha;9134;Official data
101;Indonesia;5312;Area harvested;600;Papayas;2005;2005;ha;7879;Official data
101;Indonesia;5312;Area harvested;600;Papayas;2006;2006;ha;8021;Official data
101;Indonesia;5312;Area harvested;600;Papayas;2007;2007;ha;7984;Official data
101;Indonesia;5312;Area harvested;600;Papayas;2008;2008;ha;9388;Official data
101;Indonesia;5312;Area harvested;600;Papayas;2009;2009;ha;9571;Official data
101;Indonesia;5312;Area harvested;600;Papayas;2010;2010;ha;9225;Official data
101;Indonesia;5312;Area harvested;600;Papayas;2011;2011;ha;11055;Official data
101;Indonesia;5312;Area harvested;600;Papayas;2012;2012;ha;11701;Official data
101;Indonesia;5312;Area harvested;600;Papayas;2013;2013;ha;10822;FAO data based on imputation methodology
101;Indonesia;5312;Area harvested;600;Papayas;2014;2014;ha;9690;FAO data based on imputation methodology
101;Indonesia;5312;Area harvested;600;Papayas;2015;2015;ha;9655;FAO data based on imputation methodology
101;Indonesia;5312;Area harvested;600;Papayas;2016;2016;ha;10192;FAO data based on imputation methodology
101;Indonesia;5312;Area harvested;600;Papayas;2017;2017;ha;9703;FAO data based on imputation methodology
101;Indonesia;5312;Area harvested;600;Papayas;2018;2018;ha;9684;FAO data based on imputation methodology
101;Indonesia;5312;Area harvested;600;Papayas;2019;2019;ha;10599;FAO data based on imputation methodology
101;Indonesia;5510;Production;600;Papayas;1961;1961;tonnes;200000;FAO estimate
101;Indonesia;5510;Production;600;Papayas;1962;1962;tonnes;200000;FAO estimate
101;Indonesia;5510;Production;600;Papayas;1963;1963;tonnes;240000;FAO estimate
101;Indonesia;5510;Production;600;Papayas;1964;1964;tonnes;240000;FAO estimate
101;Indonesia;5510;Production;600;Papayas;1965;1965;tonnes;280000;FAO estimate
101;Indonesia;5510;Production;600;Papayas;1966;1966;tonnes;300000;FAO estimate
101;Indonesia;5510;Production;600;Papayas;1967;1967;tonnes;300000;FAO estimate
101;Indonesia;5510;Production;600;Papayas;1968;1968;tonnes;350000;FAO estimate
101;Indonesia;5510;Production;600;Papayas;1969;1969;tonnes;360000;FAO estimate
101;Indonesia;5510;Production;600;Papayas;1970;1970;tonnes;300000;FAO estimate
101;Indonesia;5510;Production;600;Papayas;1971;1971;tonnes;300000;FAO estimate
101;Indonesia;5510;Production;600;Papayas;1972;1972;tonnes;300000;FAO estimate
101;Indonesia;5510;Production;600;Papayas;1973;1973;tonnes;280000;FAO estimate
101;Indonesia;5510;Production;600;Papayas;1974;1974;tonnes;181200;Official data
101;Indonesia;5510;Production;600;Papayas;1975;1975;tonnes;255700;Official data
101;Indonesia;5510;Production;600;Papayas;1976;1976;tonnes;223120;Official data
101;Indonesia;5510;Production;600;Papayas;1977;1977;tonnes;244470;Official data
101;Indonesia;5510;Production;600;Papayas;1978;1978;tonnes;220000;Official data
101;Indonesia;5510;Production;600;Papayas;1979;1979;tonnes;263572;Official data
101;Indonesia;5510;Production;600;Papayas;1980;1980;tonnes;315229;Official data
101;Indonesia;5510;Production;600;Papayas;1981;1981;tonnes;322952;Official data
101;Indonesia;5510;Production;600;Papayas;1982;1982;tonnes;294763;Official data
101;Indonesia;5510;Production;600;Papayas;1983;1983;tonnes;240502;Official data
101;Indonesia;5510;Production;600;Papayas;1984;1984;tonnes;269024;Official data
101;Indonesia;5510;Production;600;Papayas;1985;1985;tonnes;255423;Official data
101;Indonesia;5510;Production;600;Papayas;1986;1986;tonnes;314816;Official data
101;Indonesia;5510;Production;600;Papayas;1987;1987;tonnes;321000;Official data
101;Indonesia;5510;Production;600;Papayas;1988;1988;tonnes;345957;Official data
101;Indonesia;5510;Production;600;Papayas;1989;1989;tonnes;323035;Official data
101;Indonesia;5510;Production;600;Papayas;1990;1990;tonnes;349561;Official data
101;Indonesia;5510;Production;600;Papayas;1991;1991;tonnes;352651;Official data
101;Indonesia;5510;Production;600;Papayas;1992;1992;tonnes;406590;Official data
101;Indonesia;5510;Production;600;Papayas;1993;1993;tonnes;422399;Official data
101;Indonesia;5510;Production;600;Papayas;1994;1994;tonnes;371411;Official data
101;Indonesia;5510;Production;600;Papayas;1995;1995;tonnes;586081;Official data
101;Indonesia;5510;Production;600;Papayas;1996;1996;tonnes;381964;Official data
101;Indonesia;5510;Production;600;Papayas;1997;1997;tonnes;360503;Official data
101;Indonesia;5510;Production;600;Papayas;1998;1998;tonnes;489948;Official data
101;Indonesia;5510;Production;600;Papayas;1999;1999;tonnes;449919;Official data
101;Indonesia;5510;Production;600;Papayas;2000;2000;tonnes;429207;Official data
101;Indonesia;5510;Production;600;Papayas;2001;2001;tonnes;500571;Official data
101;Indonesia;5510;Production;600;Papayas;2002;2002;tonnes;605194;Official data
101;Indonesia;5510;Production;600;Papayas;2003;2003;tonnes;626745;Official data
101;Indonesia;5510;Production;600;Papayas;2004;2004;tonnes;732611;Official data
101;Indonesia;5510;Production;600;Papayas;2005;2005;tonnes;548657;Official data
101;Indonesia;5510;Production;600;Papayas;2006;2006;tonnes;643451;Official data
101;Indonesia;5510;Production;600;Papayas;2007;2007;tonnes;621524;Official data
101;Indonesia;5510;Production;600;Papayas;2008;2008;tonnes;717899;Official data
101;Indonesia;5510;Production;600;Papayas;2009;2009;tonnes;772844;Official data
101;Indonesia;5510;Production;600;Papayas;2010;2010;tonnes;675801;Official data
101;Indonesia;5510;Production;600;Papayas;2011;2011;tonnes;958251;Official data
101;Indonesia;5510;Production;600;Papayas;2012;2012;tonnes;906312;Official data
101;Indonesia;5510;Production;600;Papayas;2013;2013;tonnes;909827;Official data
101;Indonesia;5510;Production;600;Papayas;2014;2014;tonnes;840121;Official data
101;Indonesia;5510;Production;600;Papayas;2015;2015;tonnes;851480;Official data
101;Indonesia;5510;Production;600;Papayas;2016;2016;tonnes;904284;Official data
101;Indonesia;5510;Production;600;Papayas;2017;2017;tonnes;875112;Official data
101;Indonesia;5510;Production;600;Papayas;2018;2018;tonnes;887580;Official data
101;Indonesia;5510;Production;600;Papayas;2019;2019;tonnes;986991;Official data
101;Indonesia;5312;Area harvested;667;Tea;1961;1961;ha;107000;FAO estimate
101;Indonesia;5312;Area harvested;667;Tea;1962;1962;ha;107000;FAO estimate
101;Indonesia;5312;Area harvested;667;Tea;1963;1963;ha;105000;FAO estimate
101;Indonesia;5312;Area harvested;667;Tea;1964;1964;ha;102000;FAO estimate
101;Indonesia;5312;Area harvested;667;Tea;1965;1965;ha;101000;FAO estimate
101;Indonesia;5312;Area harvested;667;Tea;1966;1966;ha;94000;FAO estimate
101;Indonesia;5312;Area harvested;667;Tea;1967;1967;ha;91000;FAO estimate
101;Indonesia;5312;Area harvested;667;Tea;1968;1968;ha;87000;FAO estimate
101;Indonesia;5312;Area harvested;667;Tea;1969;1969;ha;86000;FAO estimate
101;Indonesia;5312;Area harvested;667;Tea;1970;1970;ha;89000;FAO estimate
101;Indonesia;5312;Area harvested;667;Tea;1971;1971;ha;79000;FAO estimate
101;Indonesia;5312;Area harvested;667;Tea;1972;1972;ha;76000;FAO estimate
101;Indonesia;5312;Area harvested;667;Tea;1973;1973;ha;80000;FAO estimate
101;Indonesia;5312;Area harvested;667;Tea;1974;1974;ha;84000;FAO estimate
101;Indonesia;5312;Area harvested;667;Tea;1975;1975;ha;84000;FAO estimate
101;Indonesia;5312;Area harvested;667;Tea;1976;1976;ha;82000;Official data
101;Indonesia;5312;Area harvested;667;Tea;1977;1977;ha;79079;Official data
101;Indonesia;5312;Area harvested;667;Tea;1978;1978;ha;81334;Official data
101;Indonesia;5312;Area harvested;667;Tea;1979;1979;ha;84400;Official data
101;Indonesia;5312;Area harvested;667;Tea;1980;1980;ha;86178;Official data
101;Indonesia;5312;Area harvested;667;Tea;1981;1981;ha;85023;Official data
101;Indonesia;5312;Area harvested;667;Tea;1982;1982;ha;86000;Official data
101;Indonesia;5312;Area harvested;667;Tea;1983;1983;ha;89000;Official data
101;Indonesia;5312;Area harvested;667;Tea;1984;1984;ha;60108;Official data
101;Indonesia;5312;Area harvested;667;Tea;1985;1985;ha;61854;Official data
101;Indonesia;5312;Area harvested;667;Tea;1986;1986;ha;97773;Official data
101;Indonesia;5312;Area harvested;667;Tea;1987;1987;ha;98463;Official data
101;Indonesia;5312;Area harvested;667;Tea;1988;1988;ha;87064;Official data
101;Indonesia;5312;Area harvested;667;Tea;1989;1989;ha;89935;Official data
101;Indonesia;5312;Area harvested;667;Tea;1990;1990;ha;94510;Official data
101;Indonesia;5312;Area harvested;667;Tea;1991;1991;ha;94647;Official data
101;Indonesia;5312;Area harvested;667;Tea;1992;1992;ha;94666;Official data
101;Indonesia;5312;Area harvested;667;Tea;1993;1993;ha;102542;Official data
101;Indonesia;5312;Area harvested;667;Tea;1994;1994;ha;109939;Official data
101;Indonesia;5312;Area harvested;667;Tea;1995;1995;ha;113426;Official data
101;Indonesia;5312;Area harvested;667;Tea;1996;1996;ha;114592;Official data
101;Indonesia;5312;Area harvested;667;Tea;1997;1997;ha;114287;Official data
101;Indonesia;5312;Area harvested;667;Tea;1998;1998;ha;109745;Official data
101;Indonesia;5312;Area harvested;667;Tea;1999;1999;ha;110000;FAO estimate
101;Indonesia;5312;Area harvested;667;Tea;2000;2000;ha;121200;FAO estimate
101;Indonesia;5312;Area harvested;667;Tea;2001;2001;ha;115416;Official data
101;Indonesia;5312;Area harvested;667;Tea;2002;2002;ha;115803;Official data
101;Indonesia;5312;Area harvested;667;Tea;2003;2003;ha;116200;Official data
101;Indonesia;5312;Area harvested;667;Tea;2004;2004;ha;116200;Official data
101;Indonesia;5312;Area harvested;667;Tea;2005;2005;ha;142847;Official data
101;Indonesia;5312;Area harvested;667;Tea;2006;2006;ha;111055;Official data
101;Indonesia;5312;Area harvested;667;Tea;2007;2007;ha;133734;Official data
101;Indonesia;5312;Area harvested;667;Tea;2008;2008;ha;127712;Official data
101;Indonesia;5312;Area harvested;667;Tea;2009;2009;ha;123506;Official data
101;Indonesia;5312;Area harvested;667;Tea;2010;2010;ha;124573;Official data
101;Indonesia;5312;Area harvested;667;Tea;2011;2011;ha;122458;Official data
101;Indonesia;5312;Area harvested;667;Tea;2012;2012;ha;121607;Official data
101;Indonesia;5312;Area harvested;667;Tea;2013;2013;ha;122494;Official data
101;Indonesia;5312;Area harvested;667;Tea;2014;2014;ha;118889;Official data
101;Indonesia;5312;Area harvested;667;Tea;2015;2015;ha;114891;Official data
101;Indonesia;5312;Area harvested;667;Tea;2016;2016;ha;117268;Official data
101;Indonesia;5312;Area harvested;667;Tea;2017;2017;ha;113307;Official data
101;Indonesia;5312;Area harvested;667;Tea;2018;2018;ha;109936;Official data
101;Indonesia;5312;Area harvested;667;Tea;2019;2019;ha;108750;Official data
101;Indonesia;5510;Production;667;Tea;1961;1961;tonnes;77100;Official data
101;Indonesia;5510;Production;667;Tea;1962;1962;tonnes;80400;Official data
101;Indonesia;5510;Production;667;Tea;1963;1963;tonnes;75600;Official data
101;Indonesia;5510;Production;667;Tea;1964;1964;tonnes;74400;Official data
101;Indonesia;5510;Production;667;Tea;1965;1965;tonnes;79800;Official data
101;Indonesia;5510;Production;667;Tea;1966;1966;tonnes;71700;Official data
101;Indonesia;5510;Production;667;Tea;1967;1967;tonnes;76020;Official data
101;Indonesia;5510;Production;667;Tea;1968;1968;tonnes;75574;Official data
101;Indonesia;5510;Production;667;Tea;1969;1969;tonnes;71570;Official data
101;Indonesia;5510;Production;667;Tea;1970;1970;tonnes;64166;Official data
101;Indonesia;5510;Production;667;Tea;1971;1971;tonnes;60922;Official data
101;Indonesia;5510;Production;667;Tea;1972;1972;tonnes;59924;Official data
101;Indonesia;5510;Production;667;Tea;1973;1973;tonnes;67584;Official data
101;Indonesia;5510;Production;667;Tea;1974;1974;tonnes;65017;Official data
101;Indonesia;5510;Production;667;Tea;1975;1975;tonnes;70089;Official data
101;Indonesia;5510;Production;667;Tea;1976;1976;tonnes;73765;Official data
101;Indonesia;5510;Production;667;Tea;1977;1977;tonnes;82928;Official data
101;Indonesia;5510;Production;667;Tea;1978;1978;tonnes;92110;Official data
101;Indonesia;5510;Production;667;Tea;1979;1979;tonnes;97217;Official data
101;Indonesia;5510;Production;667;Tea;1980;1980;tonnes;106175;Official data
101;Indonesia;5510;Production;667;Tea;1981;1981;tonnes;109135;Official data
101;Indonesia;5510;Production;667;Tea;1982;1982;tonnes;92732;Official data
101;Indonesia;5510;Production;667;Tea;1983;1983;tonnes;110317;Official data
101;Indonesia;5510;Production;667;Tea;1984;1984;tonnes;126443;Official data
101;Indonesia;5510;Production;667;Tea;1985;1985;tonnes;127464;Official data
101;Indonesia;5510;Production;667;Tea;1986;1986;tonnes;129481;Official data
101;Indonesia;5510;Production;667;Tea;1987;1987;tonnes;126096;Official data
101;Indonesia;5510;Production;667;Tea;1988;1988;tonnes;133800;Official data
101;Indonesia;5510;Production;667;Tea;1989;1989;tonnes;141374;Official data
101;Indonesia;5510;Production;667;Tea;1990;1990;tonnes;155919;Official data
101;Indonesia;5510;Production;667;Tea;1991;1991;tonnes;139520;Official data
101;Indonesia;5510;Production;667;Tea;1992;1992;tonnes;153701;Official data
101;Indonesia;5510;Production;667;Tea;1993;1993;tonnes;164994;Official data
101;Indonesia;5510;Production;667;Tea;1994;1994;tonnes;139222;Official data
101;Indonesia;5510;Production;667;Tea;1995;1995;tonnes;154013;Official data
101;Indonesia;5510;Production;667;Tea;1996;1996;tonnes;166256;Official data
101;Indonesia;5510;Production;667;Tea;1997;1997;tonnes;153600;Official data
101;Indonesia;5510;Production;667;Tea;1998;1998;tonnes;166800;Official data
101;Indonesia;5510;Production;667;Tea;1999;1999;tonnes;161000;Official data
101;Indonesia;5510;Production;667;Tea;2000;2000;tonnes;162586;Official data
101;Indonesia;5510;Production;667;Tea;2001;2001;tonnes;166867;Official data
101;Indonesia;5510;Production;667;Tea;2002;2002;tonnes;165194;Official data
101;Indonesia;5510;Production;667;Tea;2003;2003;tonnes;169818;Official data
101;Indonesia;5510;Production;667;Tea;2004;2004;tonnes;167136;Official data
101;Indonesia;5510;Production;667;Tea;2005;2005;tonnes;167276;Official data
101;Indonesia;5510;Production;667;Tea;2006;2006;tonnes;146858;Official data
101;Indonesia;5510;Production;667;Tea;2007;2007;tonnes;150623;Official data
101;Indonesia;5510;Production;667;Tea;2008;2008;tonnes;153971;Official data
101;Indonesia;5510;Production;667;Tea;2009;2009;tonnes;156901;Official data
101;Indonesia;5510;Production;667;Tea;2010;2010;tonnes;150342;Official data
101;Indonesia;5510;Production;667;Tea;2011;2011;tonnes;146603;Official data
101;Indonesia;5510;Production;667;Tea;2012;2012;tonnes;143413;Official data
101;Indonesia;5510;Production;667;Tea;2013;2013;tonnes;145855;Official data
101;Indonesia;5510;Production;667;Tea;2014;2014;tonnes;154369;Official data
101;Indonesia;5510;Production;667;Tea;2015;2015;tonnes;132615;Official data
101;Indonesia;5510;Production;667;Tea;2016;2016;tonnes;144015;Official data
101;Indonesia;5510;Production;667;Tea;2017;2017;tonnes;146251;Official data
101;Indonesia;5510;Production;667;Tea;2018;2018;tonnes;140236;Official data
101;Indonesia;5510;Production;667;Tea;2019;2019;tonnes;137803;Official data
101;Indonesia;5312;Area harvested;826;Tobacco, unmanufactured;1961;1961;ha;223900;Official data
101;Indonesia;5312;Area harvested;826;Tobacco, unmanufactured;1962;1962;ha;188500;Official data
101;Indonesia;5312;Area harvested;826;Tobacco, unmanufactured;1963;1963;ha;304500;Official data
101;Indonesia;5312;Area harvested;826;Tobacco, unmanufactured;1964;1964;ha;146700;Official data
101;Indonesia;5312;Area harvested;826;Tobacco, unmanufactured;1965;1965;ha;179300;Official data
101;Indonesia;5312;Area harvested;826;Tobacco, unmanufactured;1966;1966;ha;167300;Official data
101;Indonesia;5312;Area harvested;826;Tobacco, unmanufactured;1967;1967;ha;144500;Official data
101;Indonesia;5312;Area harvested;826;Tobacco, unmanufactured;1968;1968;ha;151100;Official data
101;Indonesia;5312;Area harvested;826;Tobacco, unmanufactured;1969;1969;ha;223300;Official data
101;Indonesia;5312;Area harvested;826;Tobacco, unmanufactured;1970;1970;ha;170044;Official data
101;Indonesia;5312;Area harvested;826;Tobacco, unmanufactured;1971;1971;ha;135212;Official data
101;Indonesia;5312;Area harvested;826;Tobacco, unmanufactured;1972;1972;ha;175510;Official data
101;Indonesia;5312;Area harvested;826;Tobacco, unmanufactured;1973;1973;ha;175723;Official data
101;Indonesia;5312;Area harvested;826;Tobacco, unmanufactured;1974;1974;ha;175046;Official data
101;Indonesia;5312;Area harvested;826;Tobacco, unmanufactured;1975;1975;ha;198657;Official data
101;Indonesia;5312;Area harvested;826;Tobacco, unmanufactured;1976;1976;ha;198608;Official data
101;Indonesia;5312;Area harvested;826;Tobacco, unmanufactured;1977;1977;ha;188370;Official data
101;Indonesia;5312;Area harvested;826;Tobacco, unmanufactured;1978;1978;ha;175557;Official data
101;Indonesia;5312;Area harvested;826;Tobacco, unmanufactured;1979;1979;ha;208468;Official data
101;Indonesia;5312;Area harvested;826;Tobacco, unmanufactured;1980;1980;ha;141225;Official data
101;Indonesia;5312;Area harvested;826;Tobacco, unmanufactured;1981;1981;ha;204026;Official data
101;Indonesia;5312;Area harvested;826;Tobacco, unmanufactured;1982;1982;ha;210026;Official data
101;Indonesia;5312;Area harvested;826;Tobacco, unmanufactured;1983;1983;ha;201294;Official data
101;Indonesia;5312;Area harvested;826;Tobacco, unmanufactured;1984;1984;ha;156606;Official data
101;Indonesia;5312;Area harvested;826;Tobacco, unmanufactured;1985;1985;ha;288118;Official data
101;Indonesia;5312;Area harvested;826;Tobacco, unmanufactured;1986;1986;ha;198842;Official data
101;Indonesia;5312;Area harvested;826;Tobacco, unmanufactured;1987;1987;ha;211432;Official data
101;Indonesia;5312;Area harvested;826;Tobacco, unmanufactured;1988;1988;ha;187432;Official data
101;Indonesia;5312;Area harvested;826;Tobacco, unmanufactured;1989;1989;ha;183794;Official data
101;Indonesia;5312;Area harvested;826;Tobacco, unmanufactured;1990;1990;ha;235866;Official data
101;Indonesia;5312;Area harvested;826;Tobacco, unmanufactured;1991;1991;ha;214838;Official data
101;Indonesia;5312;Area harvested;826;Tobacco, unmanufactured;1992;1992;ha;166847;Official data
101;Indonesia;5312;Area harvested;826;Tobacco, unmanufactured;1993;1993;ha;167932;Official data
101;Indonesia;5312;Area harvested;826;Tobacco, unmanufactured;1994;1994;ha;182293;Official data
101;Indonesia;5312;Area harvested;826;Tobacco, unmanufactured;1995;1995;ha;216148;Official data
101;Indonesia;5312;Area harvested;826;Tobacco, unmanufactured;1996;1996;ha;222164;Official data
101;Indonesia;5312;Area harvested;826;Tobacco, unmanufactured;1997;1997;ha;219262;Official data
101;Indonesia;5312;Area harvested;826;Tobacco, unmanufactured;1998;1998;ha;174079;Official data
101;Indonesia;5312;Area harvested;826;Tobacco, unmanufactured;1999;1999;ha;167271;Official data
101;Indonesia;5312;Area harvested;826;Tobacco, unmanufactured;2000;2000;ha;168300;Official data
101;Indonesia;5312;Area harvested;826;Tobacco, unmanufactured;2001;2001;ha;262000;Official data
101;Indonesia;5312;Area harvested;826;Tobacco, unmanufactured;2002;2002;ha;256081;Official data
101;Indonesia;5312;Area harvested;826;Tobacco, unmanufactured;2003;2003;ha;256926;Official data
101;Indonesia;5312;Area harvested;826;Tobacco, unmanufactured;2004;2004;ha;200973;Official data
101;Indonesia;5312;Area harvested;826;Tobacco, unmanufactured;2005;2005;ha;198212;Official data
101;Indonesia;5312;Area harvested;826;Tobacco, unmanufactured;2006;2006;ha;172234;Official data
101;Indonesia;5312;Area harvested;826;Tobacco, unmanufactured;2007;2007;ha;198054;Official data
101;Indonesia;5312;Area harvested;826;Tobacco, unmanufactured;2008;2008;ha;196627;Official data
101;Indonesia;5312;Area harvested;826;Tobacco, unmanufactured;2009;2009;ha;204450;Official data
101;Indonesia;5312;Area harvested;826;Tobacco, unmanufactured;2010;2010;ha;216300;Official data
101;Indonesia;5312;Area harvested;826;Tobacco, unmanufactured;2011;2011;ha;228800;Official data
101;Indonesia;5312;Area harvested;826;Tobacco, unmanufactured;2012;2012;ha;270300;Official data
101;Indonesia;5312;Area harvested;826;Tobacco, unmanufactured;2013;2013;ha;270200;Official data
101;Indonesia;5312;Area harvested;826;Tobacco, unmanufactured;2014;2014;ha;209400;Official data
101;Indonesia;5312;Area harvested;826;Tobacco, unmanufactured;2015;2015;ha;209095;Official data
101;Indonesia;5312;Area harvested;826;Tobacco, unmanufactured;2016;2016;ha;155950;Official data
101;Indonesia;5312;Area harvested;826;Tobacco, unmanufactured;2017;2017;ha;201909;Official data
101;Indonesia;5312;Area harvested;826;Tobacco, unmanufactured;2018;2018;ha;204509;Official data
101;Indonesia;5312;Area harvested;826;Tobacco, unmanufactured;2019;2019;ha;204798;Official data
101;Indonesia;5510;Production;826;Tobacco, unmanufactured;1961;1961;tonnes;85800;Official data
101;Indonesia;5510;Production;826;Tobacco, unmanufactured;1962;1962;tonnes;81600;Official data
101;Indonesia;5510;Production;826;Tobacco, unmanufactured;1963;1963;tonnes;93900;Official data
101;Indonesia;5510;Production;826;Tobacco, unmanufactured;1964;1964;tonnes;48400;Official data
101;Indonesia;5510;Production;826;Tobacco, unmanufactured;1965;1965;tonnes;78400;Official data
101;Indonesia;5510;Production;826;Tobacco, unmanufactured;1966;1966;tonnes;69800;Official data
101;Indonesia;5510;Production;826;Tobacco, unmanufactured;1967;1967;tonnes;60000;Official data
101;Indonesia;5510;Production;826;Tobacco, unmanufactured;1968;1968;tonnes;60000;Official data
101;Indonesia;5510;Production;826;Tobacco, unmanufactured;1969;1969;tonnes;89200;Official data
101;Indonesia;5510;Production;826;Tobacco, unmanufactured;1970;1970;tonnes;76666;Official data
101;Indonesia;5510;Production;826;Tobacco, unmanufactured;1971;1971;tonnes;57352;Official data
101;Indonesia;5510;Production;826;Tobacco, unmanufactured;1972;1972;tonnes;126558;Official data
101;Indonesia;5510;Production;826;Tobacco, unmanufactured;1973;1973;tonnes;76507;Official data
101;Indonesia;5510;Production;826;Tobacco, unmanufactured;1974;1974;tonnes;78071;Official data
101;Indonesia;5510;Production;826;Tobacco, unmanufactured;1975;1975;tonnes;95665;Official data
101;Indonesia;5510;Production;826;Tobacco, unmanufactured;1976;1976;tonnes;89798;Official data
101;Indonesia;5510;Production;826;Tobacco, unmanufactured;1977;1977;tonnes;84502;Official data
101;Indonesia;5510;Production;826;Tobacco, unmanufactured;1978;1978;tonnes;82466;Official data
101;Indonesia;5510;Production;826;Tobacco, unmanufactured;1979;1979;tonnes;120299;Official data
101;Indonesia;5510;Production;826;Tobacco, unmanufactured;1980;1980;tonnes;85487;Official data
101;Indonesia;5510;Production;826;Tobacco, unmanufactured;1981;1981;tonnes;109646;Official data
101;Indonesia;5510;Production;826;Tobacco, unmanufactured;1982;1982;tonnes;106802;Official data
101;Indonesia;5510;Production;826;Tobacco, unmanufactured;1983;1983;tonnes;109484;Official data
101;Indonesia;5510;Production;826;Tobacco, unmanufactured;1984;1984;tonnes;107825;Official data
101;Indonesia;5510;Production;826;Tobacco, unmanufactured;1985;1985;tonnes;160765;Official data
101;Indonesia;5510;Production;826;Tobacco, unmanufactured;1986;1986;tonnes;101235;Official data
101;Indonesia;5510;Production;826;Tobacco, unmanufactured;1987;1987;tonnes;112691;Official data
101;Indonesia;5510;Production;826;Tobacco, unmanufactured;1988;1988;tonnes;116917;Official data
101;Indonesia;5510;Production;826;Tobacco, unmanufactured;1989;1989;tonnes;80979;Official data
101;Indonesia;5510;Production;826;Tobacco, unmanufactured;1990;1990;tonnes;156432;Official data
101;Indonesia;5510;Production;826;Tobacco, unmanufactured;1991;1991;tonnes;140283;Official data
101;Indonesia;5510;Production;826;Tobacco, unmanufactured;1992;1992;tonnes;111655;Official data
101;Indonesia;5510;Production;826;Tobacco, unmanufactured;1993;1993;tonnes;121370;Official data
101;Indonesia;5510;Production;826;Tobacco, unmanufactured;1994;1994;tonnes;130134;Official data
101;Indonesia;5510;Production;826;Tobacco, unmanufactured;1995;1995;tonnes;140169;Official data
101;Indonesia;5510;Production;826;Tobacco, unmanufactured;1996;1996;tonnes;151025;Official data
101;Indonesia;5510;Production;826;Tobacco, unmanufactured;1997;1997;tonnes;136746;Official data
101;Indonesia;5510;Production;826;Tobacco, unmanufactured;1998;1998;tonnes;137564;Official data
101;Indonesia;5510;Production;826;Tobacco, unmanufactured;1999;1999;tonnes;138000;Official data
101;Indonesia;5510;Production;826;Tobacco, unmanufactured;2000;2000;tonnes;204329;Official data
101;Indonesia;5510;Production;826;Tobacco, unmanufactured;2001;2001;tonnes;199103;Official data
101;Indonesia;5510;Production;826;Tobacco, unmanufactured;2002;2002;tonnes;192083;Official data
101;Indonesia;5510;Production;826;Tobacco, unmanufactured;2003;2003;tonnes;200875;Official data
101;Indonesia;5510;Production;826;Tobacco, unmanufactured;2004;2004;tonnes;165108;Official data
101;Indonesia;5510;Production;826;Tobacco, unmanufactured;2005;2005;tonnes;153470;Official data
101;Indonesia;5510;Production;826;Tobacco, unmanufactured;2006;2006;tonnes;146265;Official data
101;Indonesia;5510;Production;826;Tobacco, unmanufactured;2007;2007;tonnes;164851;Official data
101;Indonesia;5510;Production;826;Tobacco, unmanufactured;2008;2008;tonnes;168037;Official data
101;Indonesia;5510;Production;826;Tobacco, unmanufactured;2009;2009;tonnes;176510;Official data
101;Indonesia;5510;Production;826;Tobacco, unmanufactured;2010;2010;tonnes;135700;Official data
101;Indonesia;5510;Production;826;Tobacco, unmanufactured;2011;2011;tonnes;214600;Official data
101;Indonesia;5510;Production;826;Tobacco, unmanufactured;2012;2012;tonnes;260800;Official data
101;Indonesia;5510;Production;826;Tobacco, unmanufactured;2013;2013;tonnes;260200;Official data
101;Indonesia;5510;Production;826;Tobacco, unmanufactured;2014;2014;tonnes;196300;Official data
101;Indonesia;5510;Production;826;Tobacco, unmanufactured;2015;2015;tonnes;193790;Official data
101;Indonesia;5510;Production;826;Tobacco, unmanufactured;2016;2016;tonnes;126728;Official data
101;Indonesia;5510;Production;826;Tobacco, unmanufactured;2017;2017;tonnes;181142;Official data
101;Indonesia;5510;Production;826;Tobacco, unmanufactured;2018;2018;tonnes;195482;Official data
101;Indonesia;5510;Production;826;Tobacco, unmanufactured;2019;2019;tonnes;197250;Official data
