KODE,TANAMAN,SATUAN,KOMODITAS,SEKTOR
1101,PADI SAWAH,m2,PADI,PANGAN
1102,PADI LADANG (GOGO),m2,PADI,PANGAN
1201,JAGUNG,m2,PALAWIJA,PANGAN
1202,KEDELAI,m2,PALAWIJA,PANGAN
1203,KACANG TANAH,m2,PALAWIJA,PANGAN
1204,KACANG HIJAU,m2,PALAWIJA,PANGAN
1205,UBI KAYU/KETELA POHON,m2,PALAWIJA,PANGAN
1206,UBI JALAR/KETELA RAMBAT,m2,PALAWIJA,PANGAN
1207,SORGUM,m2,PALAWIJA,PANGAN
1208,GANDUM,m2,PALAWIJA,PANGAN
1209,TALAS,m2,PALAWIJA,PANGAN
1210,GANYONG,m2,PALAWIJA,PANGAN
1211,GARUT,m2,PALAWIJA,PANGAN
1212,JAGUNG MANIS,m2,PALAWIJA,PANGAN
1299,LAINNYA,m2,PALAWIJA,PANGAN
2101,ALPUKAT,Pohon,BUAH TAHUNAN,HORTIKULTURA
2102,ANGGUR,Pohon,BUAH TAHUNAN,HORTIKULTURA
2103,APEL,Pohon,BUAH TAHUNAN,HORTIKULTURA
2104,BELIMBING DEWA/DEWI,Pohon,BUAH TAHUNAN,HORTIKULTURA
2105,BELIMBING DEMAK KUNIR,Pohon,BUAH TAHUNAN,HORTIKULTURA
2106,BELIMBING KARANG SARI,Pohon,BUAH TAHUNAN,HORTIKULTURA
2107,BELIMBING LAINNYA,Pohon,BUAH TAHUNAN,HORTIKULTURA
2108,BUAH NAGA,Pohon,BUAH TAHUNAN,HORTIKULTURA
2109,BUAH NONA/SRIKAYA,Pohon,BUAH TAHUNAN,HORTIKULTURA
2110,CEMPEDAK,Pohon,BUAH TAHUNAN,HORTIKULTURA
2111,DUKU,Pohon,BUAH TAHUNAN,HORTIKULTURA
2112,DURIAN MONTHONG,Pohon,BUAH TAHUNAN,HORTIKULTURA
2113,DURIAN LAI,Pohon,BUAH TAHUNAN,HORTIKULTURA
2114,DURIAN LAINNYA,Pohon,BUAH TAHUNAN,HORTIKULTURA
2115,DUWET/JUWET,Pohon,BUAH TAHUNAN,HORTIKULTURA
2116,JAMBU AIR,Pohon,BUAH TAHUNAN,HORTIKULTURA
2117,JAMBU AIR CITRA,Pohon,BUAH TAHUNAN,HORTIKULTURA
2118,JAMBU AIR DALHARI,Pohon,BUAH TAHUNAN,HORTIKULTURA
2119,JAMBU AIR CAMPLONG,Pohon,BUAH TAHUNAN,HORTIKULTURA
2120,JAMBU BIJI,Pohon,BUAH TAHUNAN,HORTIKULTURA
2121,JAMBU BIJI PUTIH,Pohon,BUAH TAHUNAN,HORTIKULTURA
2122,JAMBU BIJI MERAH,Pohon,BUAH TAHUNAN,HORTIKULTURA
2123,JAMBU BOL,Pohon,BUAH TAHUNAN,HORTIKULTURA
2124,JERUK SIAM,Pohon,BUAH TAHUNAN,HORTIKULTURA
2125,JERUK KEPROK,Pohon,BUAH TAHUNAN,HORTIKULTURA
2126,JERUK BESAR,Pohon,BUAH TAHUNAN,HORTIKULTURA
2127,JERUK MANIS/BABY PACITAN,Pohon,BUAH TAHUNAN,HORTIKULTURA
2128,JERUK LAINNYA,Pohon,BUAH TAHUNAN,HORTIKULTURA
2129,KEDONDONG,Pohon,BUAH TAHUNAN,HORTIKULTURA
2130,KESEMEK,Pohon,BUAH TAHUNAN,HORTIKULTURA
2131,LANGSAT,Pohon,BUAH TAHUNAN,HORTIKULTURA
2132,LENGKENG,Pohon,BUAH TAHUNAN,HORTIKULTURA
2133,MANGGA ARUMANIS,Pohon,BUAH TAHUNAN,HORTIKULTURA
2134,MANGGA CENGKIR,Pohon,BUAH TAHUNAN,HORTIKULTURA
2135,MANGGA GEDONG GINCU,Pohon,BUAH TAHUNAN,HORTIKULTURA
2136,MANGGA GEDONG,Pohon,BUAH TAHUNAN,HORTIKULTURA
2137,MANGGA,Pohon,BUAH TAHUNAN,HORTIKULTURA
2138,MANGGA MANALAGI,Pohon,BUAH TAHUNAN,HORTIKULTURA
2139,MANGGA LAINNYA,Pohon,BUAH TAHUNAN,HORTIKULTURA
2140,MANGGIS,Pohon,BUAH TAHUNAN,HORTIKULTURA
2141,MARKISA KONYAL,Pohon,BUAH TAHUNAN,HORTIKULTURA
2142,MARKISA SIUH,Pohon,BUAH TAHUNAN,HORTIKULTURA
2143,MARKISA LAINNYA,Pohon,BUAH TAHUNAN,HORTIKULTURA
2144,MATOA BUAH,Pohon,BUAH TAHUNAN,HORTIKULTURA
2145,NANGKA,Pohon,BUAH TAHUNAN,HORTIKULTURA
2146,NENAS QUEEN,Rumpun,BUAH TAHUNAN,HORTIKULTURA
2147,NENAS SMOOTH CAYENNE,Rumpun,BUAH TAHUNAN,HORTIKULTURA
2148,NENAS LAINNYA,Rumpun,BUAH TAHUNAN,HORTIKULTURA
2149,PEPAYA BESAR/DAMPIT,Pohon,BUAH TAHUNAN,HORTIKULTURA
2150,PEPAYA ,Pohon,BUAH TAHUNAN,HORTIKULTURA
2151,PEPAYA KECIL/HAWAII,Pohon,BUAH TAHUNAN,HORTIKULTURA
2152,PEPAYA LAINNYA,Pohon,BUAH TAHUNAN,HORTIKULTURA
2153,PISANG MAS/LAMPUNG,Rumpun,BUAH TAHUNAN,HORTIKULTURA
2154,PISANG AMBON,Rumpun,BUAH TAHUNAN,HORTIKULTURA
2155,PISANG KEPOK,Rumpun,BUAH TAHUNAN,HORTIKULTURA
2156,PISANG RAJA,Rumpun,BUAH TAHUNAN,HORTIKULTURA
2157,PISANG LAINNYA,Rumpun,BUAH TAHUNAN,HORTIKULTURA
2158,RAMBUTAN BINJAI,Pohon,BUAH TAHUNAN,HORTIKULTURA
2159,RAMBUTAN RAPIAH,Pohon,BUAH TAHUNAN,HORTIKULTURA
2160,RAMBUTAN LAINNYA,Pohon,BUAH TAHUNAN,HORTIKULTURA
2161,SALAK PONDOH/NGLUMUT,Rumpun,BUAH TAHUNAN,HORTIKULTURA
2162,SALAK GULA PASIR,Rumpun,BUAH TAHUNAN,HORTIKULTURA
2163,SALAK LAINNYA,Rumpun,BUAH TAHUNAN,HORTIKULTURA
2164,SAWO,Pohon,BUAH TAHUNAN,HORTIKULTURA
2165,SIRSAK,Pohon,BUAH TAHUNAN,HORTIKULTURA
2166,SUKUN,Pohon,BUAH TAHUNAN,HORTIKULTURA
2167,TERONG BRASTAGI,Pohon,BUAH TAHUNAN,HORTIKULTURA
2199,LAINNYA,-,BUAH TAHUNAN,HORTIKULTURA
2201,BLEWAH,m2,BUAH SEMUSIM,HORTIKULTURA
2202,MELON LAINNYA,m2,BUAH SEMUSIM,HORTIKULTURA
2203,ROCK MELON/MELON,m2,BUAH SEMUSIM,HORTIKULTURA
2204,GOLDEN MELON/MELON,m2,BUAH SEMUSIM,HORTIKULTURA
2205,MENTIMUN SURI,m2,BUAH SEMUSIM,HORTIKULTURA
2206,SEMANGKA,m2,BUAH SEMUSIM,HORTIKULTURA
2207,STROBERI,m2,BUAH SEMUSIM,HORTIKULTURA
2299,LAINNYA,m2,BUAH SEMUSIM,HORTIKULTURA
2301,BLIMBING WULUH,Pohon,SAYURAN TAHUNAN,HORTIKULTURA
2302,JENGKOL,Pohon,SAYURAN TAHUNAN,HORTIKULTURA
2303,KLUWIH,Pohon,SAYURAN TAHUNAN,HORTIKULTURA
2304,MELINJO,Pohon,SAYURAN TAHUNAN,HORTIKULTURA
2305,PETAI,Pohon,SAYURAN TAHUNAN,HORTIKULTURA
2399,LAINNYA,-,SAYURAN TAHUNAN,HORTIKULTURA
2401,ASPARAGUS,m2,SAYURAN SEMUSIM,HORTIKULTURA
2402,BAWANG BOMBAY,m2,SAYURAN SEMUSIM,HORTIKULTURA
2403,BAWANG DAUN,m2,SAYURAN SEMUSIM,HORTIKULTURA
2404,BAWANG MERAH,m2,SAYURAN SEMUSIM,HORTIKULTURA
2405,BAWANG PREI,m2,SAYURAN SEMUSIM,HORTIKULTURA
2406,BAWANG PUTIH,m2,SAYURAN SEMUSIM,HORTIKULTURA
2407,BAYAM,m2,SAYURAN SEMUSIM,HORTIKULTURA
2408,BROKOLI,m2,SAYURAN SEMUSIM,HORTIKULTURA
2409,BUNCIS,m2,SAYURAN SEMUSIM,HORTIKULTURA
2410,CABAI HIJAU,m2,SAYURAN SEMUSIM,HORTIKULTURA
2411,CABAI MERAH BESAR,m2,SAYURAN SEMUSIM,HORTIKULTURA
2412,CABAI MERAH KERITING,m2,SAYURAN SEMUSIM,HORTIKULTURA
2413,CABAI RAWIT,m2,SAYURAN SEMUSIM,HORTIKULTURA
2414,JAMUR KUPING,m2,SAYURAN SEMUSIM,HORTIKULTURA
2415,JAMUR MERANG,m2,SAYURAN SEMUSIM,HORTIKULTURA
2416,JAMUR TIRAM,m2,SAYURAN SEMUSIM,HORTIKULTURA
2417,KACANG MERAH,m2,SAYURAN SEMUSIM,HORTIKULTURA
2418,KACANG KAPRI,m2,SAYURAN SEMUSIM,HORTIKULTURA
2419,KACANG PANJANG,m2,SAYURAN SEMUSIM,HORTIKULTURA
2420,KAILAN,m2,SAYURAN SEMUSIM,HORTIKULTURA
2421,KANGKUNG,m2,SAYURAN SEMUSIM,HORTIKULTURA
2422,KEMBANG KOL,m2,SAYURAN SEMUSIM,HORTIKULTURA
2423,KENTANG SAYUR,m2,SAYURAN SEMUSIM,HORTIKULTURA
2424,KENTANG INDUSTRI,m2,SAYURAN SEMUSIM,HORTIKULTURA
2425,KUBIS,m2,SAYURAN SEMUSIM,HORTIKULTURA
2426,LABU SIAM,m2,SAYURAN SEMUSIM,HORTIKULTURA
2427,LOBAK,m2,SAYURAN SEMUSIM,HORTIKULTURA
2428,KETIMUN,m2,SAYURAN SEMUSIM,HORTIKULTURA
2429,OYONG/GAMBAS,m2,SAYURAN SEMUSIM,HORTIKULTURA
2430,PAK CHOI,m2,SAYURAN SEMUSIM,HORTIKULTURA
2431,PAPRIKA,m2,SAYURAN SEMUSIM,HORTIKULTURA
2432,PARIA/PARE,m2,SAYURAN SEMUSIM,HORTIKULTURA
2433,PETSAI/SAWI PUTIH,m2,SAYURAN SEMUSIM,HORTIKULTURA
2434,SAWI,m2,SAYURAN SEMUSIM,HORTIKULTURA
2435,SELEDRI,m2,SAYURAN SEMUSIM,HORTIKULTURA
2436,SLADA,m2,SAYURAN SEMUSIM,HORTIKULTURA
2437,TERUNG,m2,SAYURAN SEMUSIM,HORTIKULTURA
2438,TOMAT,m2,SAYURAN SEMUSIM,HORTIKULTURA
2439,WORTEL,m2,SAYURAN SEMUSIM,HORTIKULTURA
2499,LAINNYA,-,SAYURAN SEMUSIM,HORTIKULTURA
2501,DAUN UNGU,m2,OBAT TAHUNAN,HORTIKULTURA
2502,DLINGO,m2,OBAT TAHUNAN,HORTIKULTURA
2503,JATI BELANDA,m2,OBAT TAHUNAN,HORTIKULTURA
2504,JOJOBA,m2,OBAT TAHUNAN,HORTIKULTURA
2505,KAPULAGA,m2,OBAT TAHUNAN,HORTIKULTURA
2506,LAVENDER,m2,OBAT TAHUNAN,HORTIKULTURA
2507,MAHKOTA DEWA,m2,OBAT TAHUNAN,HORTIKULTURA
2508,MENGKUDI/PACE,m2,OBAT TAHUNAN,HORTIKULTURA
2509,PALIASA,m2,OBAT TAHUNAN,HORTIKULTURA
2510,SALAM,m2,OBAT TAHUNAN,HORTIKULTURA
2511,SEREH,m2,OBAT TAHUNAN,HORTIKULTURA
2512,SEMBUNG,m2,OBAT TAHUNAN,HORTIKULTURA
2513,SIRIH,m2,OBAT TAHUNAN,HORTIKULTURA
2514,TRIBULUS,m2,OBAT TAHUNAN,HORTIKULTURA
2515,ZODIA,m2,OBAT TAHUNAN,HORTIKULTURA
2599,LAINNYA,m2,OBAT TAHUNAN,HORTIKULTURA
2601,ARTEMISIA,m2,OBAT SEMUSIM,HORTIKULTURA
2602,BROTOWALI,m2,OBAT SEMUSIM,HORTIKULTURA
2603,JAHE PUTIH BESAR (JAHE GAJAH),m2,OBAT SEMUSIM,HORTIKULTURA
2604,JAHE PUTIH KECIL (JAHE EMPRIT),m2,OBAT SEMUSIM,HORTIKULTURA
2605,JAHE MERAH,m2,OBAT SEMUSIM,HORTIKULTURA
2606,JAMUR LING ZHI,m2,OBAT SEMUSIM,HORTIKULTURA
2607,KEJI BELING,m2,OBAT SEMUSIM,HORTIKULTURA
2608,KEMANGI,m2,OBAT SEMUSIM,HORTIKULTURA
2609,KENCUR,m2,OBAT SEMUSIM,HORTIKULTURA
2610,KEPEL,m2,OBAT SEMUSIM,HORTIKULTURA
2611,KUNYIT,m2,OBAT SEMUSIM,HORTIKULTURA
2612,KUMIS KUCING,m2,OBAT SEMUSIM,HORTIKULTURA
2613,LEMPUYANG,m2,OBAT SEMUSIM,HORTIKULTURA
2614,LENGKUAS,m2,OBAT SEMUSIM,HORTIKULTURA
2615,LIDAY BIAYA,m2,OBAT SEMUSIM,HORTIKULTURA
2616,PEGAGAN,m2,OBAT SEMUSIM,HORTIKULTURA
2617,PULEPANDAK,m2,OBAT SEMUSIM,HORTIKULTURA
2618,PURWOCENG,m2,OBAT SEMUSIM,HORTIKULTURA
2619,SAMBILOTO,m2,OBAT SEMUSIM,HORTIKULTURA
2620,SELASIH,m2,OBAT SEMUSIM,HORTIKULTURA
2621,TAPAK DARA,m2,OBAT SEMUSIM,HORTIKULTURA
2622,TAPAK LIMAN,m2,OBAT SEMUSIM,HORTIKULTURA
2623,TEMPUYUNG,m2,OBAT SEMUSIM,HORTIKULTURA
2624,TEMU GIRING,m2,OBAT SEMUSIM,HORTIKULTURA
2625,TEMU IRENG (TEMU HITAM),m2,OBAT SEMUSIM,HORTIKULTURA
2626,TEMU KUNCI,m2,OBAT SEMUSIM,HORTIKULTURA
2627,TEMU WIYANG,m2,OBAT SEMUSIM,HORTIKULTURA
2628,TEMULAWAK,m2,OBAT SEMUSIM,HORTIKULTURA
2629,TEMUMANGGA,m2,OBAT SEMUSIM,HORTIKULTURA
2630,TEMUPUTIH,m2,OBAT SEMUSIM,HORTIKULTURA
2699,LAINNYA,-,OBAT SEMUSIM,HORTIKULTURA
2701,ANTHURIUM BUNGA,m2,HIAS TAHUNAN,HORTIKULTURA
2702,ANTHURIUM DAUN,m2,HIAS TAHUNAN,HORTIKULTURA
2703,BAMBU HIAS,m2,HIAS TAHUNAN,HORTIKULTURA
2704,BOUGENVILLEA SPP,m2,HIAS TAHUNAN,HORTIKULTURA
2705,CALADIUM,m2,HIAS TAHUNAN,HORTIKULTURA
2706,DEFFENBACHIA,m2,HIAS TAHUNAN,HORTIKULTURA
2707,EUPHORBIA,m2,HIAS TAHUNAN,HORTIKULTURA
2708,KAKTUS,m2,HIAS TAHUNAN,HORTIKULTURA
2709,PHYLODENDRON,m2,HIAS TAHUNAN,HORTIKULTURA
2710,PONIX,m2,HIAS TAHUNAN,HORTIKULTURA
2711,POLYSCIAS,m2,HIAS TAHUNAN,HORTIKULTURA
2712,SOKA/IXORA,m2,HIAS TAHUNAN,HORTIKULTURA
2713,TABULAMPOT,Pohon,HIAS TAHUNAN,HORTIKULTURA
2799,LAINNYA,-,HIAS TAHUNAN,HORTIKULTURA
2801,ALAMANDA,m2,HIAS SEMUSIM,HORTIKULTURA
2802,ALPINIA,m2,HIAS SEMUSIM,HORTIKULTURA
2803,ANGGREK,m2,HIAS SEMUSIM,HORTIKULTURA
2804,ANYELIR,m2,HIAS SEMUSIM,HORTIKULTURA
2805,AGAONEMA,m2,HIAS SEMUSIM,HORTIKULTURA
2806,BUNGA MATAHARI,m2,HIAS SEMUSIM,HORTIKULTURA
2807,CATLEYA,m2,HIAS SEMUSIM,HORTIKULTURA
2808,CELOSIA,m2,HIAS SEMUSIM,HORTIKULTURA
2809,COCOR BEBEK,m2,HIAS SEMUSIM,HORTIKULTURA
2810,CORDYLENE,m2,HIAS SEMUSIM,HORTIKULTURA
2811,DRASENA,m2,HIAS SEMUSIM,HORTIKULTURA
2812,FITONIA,m2,HIAS SEMUSIM,HORTIKULTURA
2813,GLADIOL,m2,HIAS SEMUSIM,HORTIKULTURA
2814,HEBRAS,m2,HIAS SEMUSIM,HORTIKULTURA
2815,KALLA LILI,m2,HIAS SEMUSIM,HORTIKULTURA
2816,KAMBOJA,m2,HIAS SEMUSIM,HORTIKULTURA
2817,KASTUBA,m2,HIAS SEMUSIM,HORTIKULTURA
2818,KECOMBRANG,m2,HIAS SEMUSIM,HORTIKULTURA
2819,KRISAN/SERUNI,m2,HIAS SEMUSIM,HORTIKULTURA
2820,LANTANA,m2,HIAS SEMUSIM,HORTIKULTURA
2821,MAWAR,m2,HIAS SEMUSIM,HORTIKULTURA
2822,MELATI,m2,HIAS SEMUSIM,HORTIKULTURA
2823,MELATI GAMBIR HUTAN,m2,HIAS SEMUSIM,HORTIKULTURA
2824,MELATI KOSTA,m2,HIAS SEMUSIM,HORTIKULTURA
2825,MONSTRA,m2,HIAS SEMUSIM,HORTIKULTURA
2826,NANAS-NANASAN/BROMELIA,m2,HIAS SEMUSIM,HORTIKULTURA
2827,PALM JEPANG,m2,HIAS SEMUSIM,HORTIKULTURA
2828,PALM KUNING,m2,HIAS SEMUSIM,HORTIKULTURA
2829,PALM MERAH,m2,HIAS SEMUSIM,HORTIKULTURA
2830,PALM WAREGU,m2,HIAS SEMUSIM,HORTIKULTURA
2831,PEPERONIA,m2,HIAS SEMUSIM,HORTIKULTURA
2832,PISANG-PISANGAN/HELICONIA,m2,HIAS SEMUSIM,HORTIKULTURA
2833,POHON DOLLAR,m2,HIAS SEMUSIM,HORTIKULTURA
2834,PAKIS-PAKISAN,m2,HIAS SEMUSIM,HORTIKULTURA
2835,PEDANG-PEDANGAN/SANSEVIERA,m2,HIAS SEMUSIM,HORTIKULTURA
2836,ROSE BOMBAY,m2,HIAS SEMUSIM,HORTIKULTURA
2837,RUMPUT PEKING,m2,HIAS SEMUSIM,HORTIKULTURA
2838,SCINDAPSUS,m2,HIAS SEMUSIM,HORTIKULTURA
2839,SIRIH-SIRIHAN,m2,HIAS SEMUSIM,HORTIKULTURA
2840,SEDAP MALAM,m2,HIAS SEMUSIM,HORTIKULTURA
2841,SPATIPYLIUM,m2,HIAS SEMUSIM,HORTIKULTURA
2842,TALAS-TALASAN,m2,HIAS SEMUSIM,HORTIKULTURA
2843,VANDA,m2,HIAS SEMUSIM,HORTIKULTURA
2899,LAINNYA,-,HIAS SEMUSIM,HORTIKULTURA
3101,CENGKEH,Pohon,TAHUNAN,PERKEBUNAN
3102,GAMBIR,Pohon,TAHUNAN,PERKEBUNAN
3103,JAMBU METE,Pohon,TAHUNAN,PERKEBUNAN
3104,JARAK PAGAR,Pohon,TAHUNAN,PERKEBUNAN
3105,KAKAO,Pohon,TAHUNAN,PERKEBUNAN
3106,KAPOK,Pohon,TAHUNAN,PERKEBUNAN
3107,KARET,Pohon,TAHUNAN,PERKEBUNAN
3108,KAYU MANIS,Pohon,TAHUNAN,PERKEBUNAN
3109,KELAPA SAWIT,Pohon,TAHUNAN,PERKEBUNAN
3110,KELAPA,Pohon,TAHUNAN,PERKEBUNAN
3111,KEMENYAN,Pohon,TAHUNAN,PERKEBUNAN
3112,KEMIRI,Pohon,TAHUNAN,PERKEBUNAN
3113,KEMIRI SUNAN,Pohon,TAHUNAN,PERKEBUNAN
3114,KENANGA,Pohon,TAHUNAN,PERKEBUNAN
3115,KINA,Pohon,TAHUNAN,PERKEBUNAN
3116,KLEREK,Pohon,TAHUNAN,PERKEBUNAN
3117,KOPI,Pohon,TAHUNAN,PERKEBUNAN
3118,LADA,Lajar,TAHUNAN,PERKEBUNAN
3119,LONTAR,Pohon,TAHUNAN,PERKEBUNAN
3120,MURBAI,Pohon,TAHUNAN,PERKEBUNAN
3121,PANILI/VANILI,Lajar,TAHUNAN,PERKEBUNAN
3122,PALA,Pohon,TAHUNAN,PERKEBUNAN
3123,PANDAN ANYAMAN,Rumpun,TAHUNAN,PERKEBUNAN
3124,PINANG/LAMBE,Pohon,TAHUNAN,PERKEBUNAN
3125,SAGU,Pohon,TAHUNAN,PERKEBUNAN
3126,SOGA,Pohon,TAHUNAN,PERKEBUNAN
3129,TEH,Pohon,TAHUNAN,PERKEBUNAN
3199,LAINNYA,Pohon,TAHUNAN,PERKEBUNAN
3201,ABACA/MANILA,m2,SEMUSIM,PERKEBUNAN
3202,AKAR WANGI,m2,SEMUSIM,PERKEBUNAN
3203,JUTE,m2,SEMUSIM,PERKEBUNAN
3204,KAPAS,m2,SEMUSIM,PERKEBUNAN
3205,KENAF,m2,SEMUSIM,PERKEBUNAN
3206,NILAM,m2,SEMUSIM,PERKEBUNAN
3207,RAMI/HARAMAY,m2,SEMUSIM,PERKEBUNAN
3208,ROSELA,m2,SEMUSIM,PERKEBUNAN
3209,SEREH WANGI,m2,SEMUSIM,PERKEBUNAN
3210,TEBU,m2,SEMUSIM,PERKEBUNAN
3211,TEMBAKAU,m2,SEMUSIM,PERKEBUNAN
3299,LAINNYA,m2,SEMUSIM,PERKEBUNAN
6101,AGATHIS,Pohon,KEHUTANAN,KEHUTANAN
6102,AKASIA,Pohon,KEHUTANAN,KEHUTANAN
6103,ANGSANA,Pohon,KEHUTANAN,KEHUTANAN
6104,ASAM LONDO,Pohon,KEHUTANAN,KEHUTANAN
6105,ASOKA,Pohon,KEHUTANAN,KEHUTANAN
6106,BAKAU,Pohon,KEHUTANAN,KEHUTANAN
6107,BALAU,Pohon,KEHUTANAN,KEHUTANAN
6108,BALSA,Pohon,KEHUTANAN,KEHUTANAN
6109,BAMBU,Pohon,KEHUTANAN,KEHUTANAN
6110,BANGKIRAI,Pohon,KEHUTANAN,KEHUTANAN
6111,BAYUR,Pohon,KEHUTANAN,KEHUTANAN
6112,BENDA,Pohon,KEHUTANAN,KEHUTANAN
6113,BENUANG,Pohon,KEHUTANAN,KEHUTANAN
6114,BERINGIN,Pohon,KEHUTANAN,KEHUTANAN
6115,BINTANGUR,Pohon,KEHUTANAN,KEHUTANAN
6116,BUGIS,Pohon,KEHUTANAN,KEHUTANAN
6117,BUNGUR,Pohon,KEHUTANAN,KEHUTANAN
6118,CEMARA KAYU,Pohon,KEHUTANAN,KEHUTANAN
6119,CEMPAGA,Pohon,KEHUTANAN,KEHUTANAN
6120,CEMPAKA,Pohon,KEHUTANAN,KEHUTANAN
6121,CENDANA,Pohon,KEHUTANAN,KEHUTANAN
6122,DADAP,Pohon,KEHUTANAN,KEHUTANAN
6123,DAMAR,Pohon,KEHUTANAN,KEHUTANAN
6124,EBONI,Pohon,KEHUTANAN,KEHUTANAN
6125,EUCALIPTUS,Pohon,KEHUTANAN,KEHUTANAN
6126,FLAMBOYAN,Pohon,KEHUTANAN,KEHUTANAN
6127,GAHARU,Pohon,KEHUTANAN,KEHUTANAN
6128,GEBANG,Pohon,KEHUTANAN,KEHUTANAN
6129,GERUNGGUNG,Pohon,KEHUTANAN,KEHUTANAN
6130,HOPEA,Pohon,KEHUTANAN,KEHUTANAN
6131,INDAH,Pohon,KEHUTANAN,KEHUTANAN
6132,INTARAN,Pohon,KEHUTANAN,KEHUTANAN
6133,JABON,Pohon,KEHUTANAN,KEHUTANAN
6134,JARANAN,Pohon,KEHUTANAN,KEHUTANAN
6135,JATI,Pohon,KEHUTANAN,KEHUTANAN
6136,JATI PUTIH/GMELINA,Pohon,KEHUTANAN,KEHUTANAN
6137,JELUTUNG,Pohon,KEHUTANAN,KEHUTANAN
6138,JENITRI,Pohon,KEHUTANAN,KEHUTANAN
6139,JOHAR,Pohon,KEHUTANAN,KEHUTANAN
6140,KALIANDRA,Pohon,KEHUTANAN,KEHUTANAN
6141,KAMPER,Pohon,KEHUTANAN,KEHUTANAN
6142,KAPUR,Pohon,KEHUTANAN,KEHUTANAN
6143,KAYU HITAM,Pohon,KEHUTANAN,KEHUTANAN
6144,KAYU PUTIH,Pohon,KEHUTANAN,KEHUTANAN
6145,KEBEN,Pohon,KEHUTANAN,KEHUTANAN
6146,KEDAWUNG,Pohon,KEHUTANAN,KEHUTANAN
6147,KEMPAS,Pohon,KEHUTANAN,KEHUTANAN
6148,KENARI,Pohon,KEHUTANAN,KEHUTANAN
6149,KEPUH,Pohon,KEHUTANAN,KEHUTANAN
6150,KETAPANG,Pohon,KEHUTANAN,KEHUTANAN
6151,KLAMPIS,Pohon,KEHUTANAN,KEHUTANAN
6152,KRUING,Pohon,KEHUTANAN,KEHUTANAN
6153,KULIM,Pohon,KEHUTANAN,KEHUTANAN
6154,KUPANG,Pohon,KEHUTANAN,KEHUTANAN
6155,LAMTORO,Pohon,KEHUTANAN,KEHUTANAN
6156,MAHONI,Pohon,KEHUTANAN,KEHUTANAN
6157,MAJA,Pohon,KEHUTANAN,KEHUTANAN
6158,MANGLID,Pohon,KEHUTANAN,KEHUTANAN
6159,MATOA KAYU,Pohon,KEHUTANAN,KEHUTANAN
6160,MEDANG,Pohon,KEHUTANAN,KEHUTANAN
6161,MELAPI,Pohon,KEHUTANAN,KEHUTANAN
6162,MELUR,Pohon,KEHUTANAN,KEHUTANAN
6163,MENTAOS,Pohon,KEHUTANAN,KEHUTANAN
6164,MERANTI,Pohon,KEHUTANAN,KEHUTANAN
6165,MERBAU,Pohon,KEHUTANAN,KEHUTANAN
6166,MERSAWA,Pohon,KEHUTANAN,KEHUTANAN
6167,MINDI,Pohon,KEHUTANAN,KEHUTANAN
6168,NYATOH,Pohon,KEHUTANAN,KEHUTANAN
6169,PALAPI,Pohon,KEHUTANAN,KEHUTANAN
6170,PILANG,Pohon,KEHUTANAN,KEHUTANAN
6171,PINUS,Pohon,KEHUTANAN,KEHUTANAN
6172,PLOSO,Pohon,KEHUTANAN,KEHUTANAN
6173,PORTUPORUM,Pohon,KEHUTANAN,KEHUTANAN
6174,RAMIN,Pohon,KEHUTANAN,KEHUTANAN
6175,RASAMALA,Pohon,KEHUTANAN,KEHUTANAN
6176,RESAK,Pohon,KEHUTANAN,KEHUTANAN
6177,RIMBA CAMPURAN,Pohon,KEHUTANAN,KEHUTANAN
6178,ROTAN,Pohon,KEHUTANAN,KEHUTANAN
6179,SEMANTOK,Pohon,KEHUTANAN,KEHUTANAN
6180,SENGON/LEUNJING/ALBAZIA,Pohon,KEHUTANAN,KEHUTANAN
6181,SINDUR,Pohon,KEHUTANAN,KEHUTANAN
6182,SONOKELING,Pohon,KEHUTANAN,KEHUTANAN
6183,SUNGKAI,Pohon,KEHUTANAN,KEHUTANAN
6184,SUREN,Pohon,KEHUTANAN,KEHUTANAN
6185,SURLA,Pohon,KEHUTANAN,KEHUTANAN
6186,TALOK/KERSEN,Pohon,KEHUTANAN,KEHUTANAN
6187,TANJUNG,Pohon,KEHUTANAN,KEHUTANAN
6188,TEKIK,Pohon,KEHUTANAN,KEHUTANAN
6189,TENGGULUN,Pohon,KEHUTANAN,KEHUTANAN
6190,TENGKAWANG,Pohon,KEHUTANAN,KEHUTANAN
6191,TERENTANG,Pohon,KEHUTANAN,KEHUTANAN
6192,TREMBESI,Pohon,KEHUTANAN,KEHUTANAN
6193,TURI,Pohon,KEHUTANAN,KEHUTANAN
6194,ULIN,Pohon,KEHUTANAN,KEHUTANAN
6195,WARU,Pohon,KEHUTANAN,KEHUTANAN
6199,LAINNYA,-,KEHUTANAN,KEHUTANAN
6301,ANGGREK HUTAN,Pohon,TUMBUHAN LIAR,KEHUTANAN
6302,CACTUS HIBRIDA,Pohon,TUMBUHAN LIAR,KEHUTANAN
6303,CYCAS SPP,Pohon,TUMBUHAN LIAR,KEHUTANAN
6304,LIDAH BUAYA HUTAN,Pohon,TUMBUHAN LIAR,KEHUTANAN
6399,LAINNYA,-,TUMBUHAN LIAR,KEHUTANAN
6401,AKAR-AKARAN,kg,PUNGUTAN HASIL HUTAN,KEHUTANAN
6402,DAUN KAYU PUTIH,kg,PUNGUTAN HASIL HUTAN,KEHUTANAN
6403,GETAH DAMAR,kg,PUNGUTAN HASIL HUTAN,KEHUTANAN
6404,GETAH GAHARU,kg,PUNGUTAN HASIL HUTAN,KEHUTANAN
6405,KARET,kg,PUNGUTAN HASIL HUTAN,KEHUTANAN
6406,GETAH PINUS,kg,PUNGUTAN HASIL HUTAN,KEHUTANAN
6407,KAYU BAKAR,m3,PUNGUTAN HASIL HUTAN,KEHUTANAN
6408,MADU,liter,PUNGUTAN HASIL HUTAN,KEHUTANAN
6409,PEMUNGUTAN BAMBU,batang,PUNGUTAN HASIL HUTAN,KEHUTANAN
6410,PEMUNGUTAN GETAH,-,PUNGUTAN HASIL HUTAN,KEHUTANAN
6411,PEMUNGUTAN KAYU,m3,PUNGUTAN HASIL HUTAN,KEHUTANAN
6412,PEMUNGUTAN ROTAN,Lajar,PUNGUTAN HASIL HUTAN,KEHUTANAN
6413,SARANG BURUNG,kg,PUNGUTAN HASIL HUTAN,KEHUTANAN
6499,LAINNYA,-,PUNGUTAN HASIL HUTAN,KEHUTANAN
